4.23679326577719E-06;3.69360675003261E-05;4.42624367433808E-05;6.65095766336776E-05;7.76375914521843E-05;7.04589778932618E-05;9.7830004632149E-05;0.000151870345382887;0.000156300785481789;0.000153863901195206;0.000168027455165753;0.0001925058140686;0.000213441290254246;0.00021564311622535;0.000212270594378339;0.000228777034364858;0.000245935326354196;0.000255440737168655;0.000266319687644012;0.000277935674249274;0.000300312553758175;0.000320491390891187;0.000335233111001587;0.000343665340063026;0.000333151335327742;0.000354274721442227;0.000386051714209357;0.000391806394295813;0.000402626326035493;0.000428080824471433;0.000434386835422851;0.000432800722974136;0.000453288830764897;0.000458671110131093;0.000500932826443368;0.000531075108399115;0.000513944426749458;0.00052796556061363;0.000567984584914694;0.000578104129823398;0.000592878579237954;0.000587703630752223;0.000588241658893374;0.000608025585171923;0.000649333597112278;0.000662803095318854;0.000666709167962853;0.000683509012276762;0.000703814859626561;0.000719602144505505;
2.56830509623995E-05;4.02161211177088E-05;3.47815615437952E-05;5.56126846171789E-05;7.70941656191848E-05;8.27985153819544E-05;0.000103526075433402;0.000121466053930375;0.000158985891719365;0.00016632515016457;0.000167940413069112;0.000185315661858199;0.000201947419223636;0.000208253903883016;0.000223339348530582;0.000236793709939453;0.000243706852108838;0.000270768006794597;0.000277395032699745;0.000284763634962326;0.000300863064322643;0.00031609653365483;0.000326405623589432;0.000342800636152774;0.000364402455883761;0.000366165330814017;0.000380203288931957;0.000399677113621433;0.000425385685964619;0.000444681127804714;0.000428236255946235;0.000426956556100144;0.00046261934132974;0.000487946576773979;0.000504364316945338;0.000527479436994938;0.000528713735985953;0.000536207564506341;0.000548825540779951;0.000582018926997385;0.000589571797220856;0.000599059832618654;0.000610502474525543;0.000613357996171349;0.000648354168663268;0.000668024619124186;0.000658539522292223;0.000660700433341876;0.000678728695992614;0.000702667658194933;
3.45545828470684E-05;2.90885535749741E-05;5.39049493026855E-05;7.72098612540351E-05;6.88964981343521E-05;8.82803317365788E-05;0.000113237995982285;0.000117217788624391;0.000135055874469381;0.000158416732086941;0.000171652073297612;0.00017759670822759;0.000189661102854122;0.000218204696361135;0.000226387730161037;0.000238649933678059;0.000242963758989578;0.000267477318431242;0.000280555912515856;0.000293771358677253;0.000317555471788911;0.000323675133962587;0.000323755564358486;0.000335178213855425;0.000360283408347595;0.000360415109968537;0.000367926826236209;0.000387705575809916;0.000412182300260078;0.000445896404854151;0.000448496554485311;0.000457938762599142;0.000489776451869428;0.000503387284865653;0.000492249997174454;0.000493417618140146;0.000523097646080828;0.000524658574003301;0.000510429257340572;0.000563233040012268;0.000564758382299857;0.00059001077510823;0.000622235296513729;0.000628037715605601;0.000624921887713015;0.00066180918028369;0.000660729373067603;0.000654883992356581;0.000682723951647368;0.000705157016120062;
1.8502775428475E-05;1.84264032589976E-05;5.11266787803777E-05;8.50669773011514E-05;8.40661809209386E-05;9.55236621877908E-05;0.000105575136477798;0.000114733457291072;0.000105523716574241;0.000131279351566649;0.000177872436477933;0.000187735852147708;0.00020180622329935;0.00022728013257578;0.000214590971354345;0.000204034770783901;0.000246669087208717;0.000274722670853489;0.000287671537857914;0.00030346787306379;0.000310462534113265;0.000336575242785075;0.000321911727869439;0.000327074724657761;0.000354577382783994;0.00034986687155647;0.000388634127331589;0.000388198767741432;0.000394811064406086;0.000414478951069386;0.000462879276700523;0.000493964675480019;0.000476962268129544;0.000467461230083011;0.000492852974572244;0.000526765124292172;0.000534092416152543;0.000546220032929146;0.000545783464270588;0.000552150357700842;0.000563180272496133;0.000568197532599068;0.000616027653067786;0.00065037292591974;0.000647223934914898;0.000643242832391255;0.00066231115928872;0.000678264487853575;0.000696738218938009;0.000730732191098316;
-2.11070169675587E-06;4.61777355229565E-05;7.19866297671512E-05;7.60710494660533E-05;9.81753757562931E-05;9.87718740437238E-05;9.05842109806265E-05;0.000120937767491336;0.000112821990734369;0.000132786403230112;0.000172977903351357;0.000175186614233547;0.000191251103422108;0.000220064448775203;0.000211985221858391;0.000206224224448492;0.000244869823969873;0.000281617749766205;0.00029507536571427;0.000304297018452138;0.000327428539534713;0.00031831938623994;0.00030657565396397;0.000341646517647121;0.000356409847324768;0.00037234763290761;0.000399136981632742;0.000412775974702795;0.000408099039991283;0.000417228102679523;0.000451040333289798;0.000479219517517837;0.000474390549162651;0.000471773718442314;0.000496580499289578;0.000533590570730436;0.000556857965726909;0.000576213101964651;0.000594530358141832;0.000577926801598405;0.000587733452617645;0.000596322440080232;0.000612624786185734;0.000651953312748699;0.000676746608410994;0.000671131714983453;0.000681707521882569;0.000682194397750635;0.000708543188013167;0.00074597079543981;
-7.88126093231867E-06;5.98419993365074E-05;7.99946453897693E-05;5.76311255398032E-05;8.48372713553314E-05;8.56060599321307E-05;8.71145895993131E-05;0.000132544274337398;0.000136098512843019;0.000146493147479498;0.000156826711994906;0.00016155280777308;0.000190567267668751;0.000208591942122083;0.000219995508349946;0.000239307994840954;0.000236829339736788;0.000270271430484526;0.000290280447325486;0.000287800873518096;0.000332745003056134;0.000351248381939007;0.000340351851007448;0.000359078280085079;0.000382225880225073;0.000410932676433884;0.000405549105357617;0.000411310487430816;0.00043720564685823;0.000435462120410124;0.000447442763150008;0.000485564693213592;0.000489027874220449;0.000460803921834563;0.000495070782263074;0.00053860461520161;0.000539853602654183;0.000571456155203709;0.000593057916958628;0.000600257112219893;0.000590159980126348;0.000608531146368829;0.000638516709907222;0.000680480064846556;0.000670874979505243;0.000666248274288961;0.000655531003830756;0.000675112715617043;0.000715633750078659;0.000745046747457234;
2.01617964992185E-05;4.5199842821031E-05;5.74691912309522E-05;4.42348510685253E-05;8.03118410555026E-05;8.90059830780388E-05;8.80398134894822E-05;0.000126072744618622;0.000140188579884626;0.000149319762579148;0.000148034405832886;0.000150329703011876;0.00018612382376737;0.000204393989215901;0.000229031541310265;0.000254086391566988;0.000249088666217867;0.000250276123403781;0.0002734677898657;0.000291756742483384;0.000323513137165499;0.000345828216667732;0.000365724335784856;0.000370761508831086;0.000404517367789792;0.000400366627761661;0.000401315781136002;0.000417835578061299;0.000451258322425208;0.000443206915851757;0.000464358236695439;0.000496063882811981;0.000503274059548975;0.000491537325054692;0.000502894936914799;0.000531935895889291;0.000518688989965543;0.000551378455097229;0.000571661164863624;0.000560365674243446;0.000558376942870531;0.000592874897830331;0.000653485163853773;0.000676459031053511;0.000664817240445092;0.000655650918272244;0.000658618915946985;0.000677942087426331;0.000718304350094456;0.000758138907134054;
2.35093363878391E-05;3.94688056406522E-05;6.32605614923065E-05;5.12398482932497E-05;6.53105369810003E-05;9.42059784496685E-05;9.10695656810567E-05;9.34196194068981E-05;0.000129426779187591;0.000150849135316711;0.000158041622347338;0.000165605496669441;0.000185119495513031;0.000200295709331888;0.000225323990319493;0.000258320204983287;0.000256543912951823;0.000250588024629295;0.000277751417750993;0.000323097827082508;0.000320123715009668;0.00032784393455132;0.000343303697746711;0.000354368259101401;0.000372744838274208;0.000375973164277177;0.000394767591200829;0.00042779288079231;0.000446227969289836;0.000435311384964665;0.000455342508028478;0.000470209800667698;0.00047795344637791;0.000498423943677828;0.000519559541991121;0.000537469874343444;0.00052656654640959;0.000554258514955386;0.000566916022830544;0.000528353649518642;0.000569755393621474;0.000598850974629972;0.000636517952336213;0.000653442132348747;0.000644522739138065;0.000653015154327363;0.000686805738415952;0.00069880616032103;0.000718353897878998;0.000752768149515859;
2.43217525699446E-05;3.94774526815134E-05;5.78096156351737E-05;6.15246320485596E-05;6.54700198601255E-05;9.78845099175452E-05;0.000125916301747742;0.000110585061976032;0.000113368212373621;0.000143695025536128;0.000171397372601301;0.000195545207777648;0.000202383522413085;0.000213465787625378;0.000217056307719177;0.000229423448795174;0.000235969897332655;0.000238609884785745;0.000289085883957263;0.000313730287165415;0.000323670176619828;0.000328133003034692;0.000328564445066348;0.00036204187352018;0.000374585352735046;0.000372701882301874;0.000382627124764889;0.000430774291602765;0.000453340150591064;0.00044007743179808;0.000462621468489743;0.000477996682130222;0.000468226967792695;0.000480352515364046;0.000498254752566929;0.000542115137204924;0.000563546274535476;0.000571086846635982;0.000592378396247373;0.000575694036829777;0.000585975466186994;0.00061545534462093;0.00064359177973472;0.000643107697731793;0.000632211370711566;0.000661810759027937;0.000702350819854036;0.000708806057676092;0.000729584722212628;0.000748493088435609;
1.28601762123814E-05;2.73403149368967E-05;4.21833481367706E-05;6.10120530675218E-05;7.52952039633215E-05;8.903065579835E-05;0.000120389574474133;0.000137115844186741;0.000123038302837108;0.000135659891036255;0.00016461660008904;0.000193518028659301;0.000213822227557947;0.000217547590144807;0.000224329687119496;0.000227752459781905;0.000234113675972258;0.000231826750556996;0.000271409806714917;0.000293475059007786;0.000318645366670589;0.000320297919716328;0.000340325739286884;0.000356017763367911;0.00037891077637342;0.00038152092487298;0.000387340585704665;0.000434057202363114;0.00043213586977342;0.000426445204288139;0.000467071999035618;0.000499457515715784;0.000486504667469134;0.000491647342345969;0.000503006381231241;0.00054507233768275;0.000564010036074869;0.000565117767200807;0.000566404395010434;0.000597032109245443;0.000599771090843415;0.000603906297154566;0.000652450872333343;0.00066543116686324;0.000647615826181891;0.000658802679952331;0.000686888965320431;0.000711986858227931;0.000728379024673043;0.000752616351259228;
2.54617749071429E-05;2.18829345017824E-05;4.38950710526242E-05;6.77466948668659E-05;8.19682054511439E-05;7.11212104862469E-05;7.96312848114766E-05;0.000120272889506667;0.000122933041360906;0.00013597995578829;0.000158442115935964;0.000177506080286438;0.000208162179375582;0.000208046047351695;0.000218382627886315;0.000217416929771397;0.000235821972516037;0.000267254251810067;0.000281652673910893;0.000297105476810389;0.000316279232026595;0.000329580620802794;0.000337094737457688;0.000335422618579884;0.000367576829616523;0.000397373358822728;0.000409710604568625;0.000412020574990013;0.000413149758969444;0.000434467506810643;0.000465021021623047;0.000496537929929985;0.000492024385723155;0.00049220381013293;0.000531997098730308;0.000539381727388211;0.00053449921766191;0.000554667526410313;0.000557125127765179;0.000579184937932187;0.000615923394445161;0.000638046173435214;0.000673293990781421;0.000665382393883363;0.000664410748973943;0.000670468041606753;0.000675972252434764;0.000706762000922012;0.000717989948141096;0.000727793619520689;
5.87647720269313E-05;5.33516032756864E-05;6.05044785302322E-05;6.31573181140155E-05;5.96012483156105E-05;6.31051477781863E-05;7.6960083378097E-05;0.000101326819794245;0.00014171474145519;0.00016913818195341;0.000167957404443753;0.000166632307686654;0.000185943598566829;0.000206216088183941;0.000230483311279395;0.000210736822254032;0.000238079624987453;0.000266788556085862;0.000280041221188965;0.000310480763676901;0.000326158203094451;0.000331273648838559;0.000343621647189707;0.00035497211359159;0.000370871620716695;0.00039346146706265;0.000409581518744817;0.000425800524919806;0.000437797378861848;0.000432859580328016;0.000453392027048416;0.000501859496617296;0.000498127202932297;0.000500546426365878;0.000538155121691197;0.000533192007832195;0.000535629009568606;0.00055293885569041;0.000554307666962295;0.000551184967856333;0.000618186193229509;0.000667148670280948;0.000658862513374991;0.000653362058193885;0.00067205882889354;0.000701496924481404;0.000698714903726305;0.000722213954654105;0.000724884678521054;0.00072704963768766;
4.85967520571506E-05;5.20354698165804E-05;5.13926857323987E-05;6.23067480456374E-05;5.44582458823495E-05;7.83112918345541E-05;9.47460645595033E-05;0.000128304990172134;0.000172421963031355;0.000174592295133169;0.000169742204496726;0.000181181480607862;0.000174195784374609;0.00020285405078535;0.000235280290495243;0.000232719039529261;0.000255924335234026;0.000269203090570214;0.000253599243675851;0.000288777951767516;0.000330595114266696;0.000352254549917941;0.000373338531687528;0.000370922574092658;0.00036045944013452;0.000383448537660813;0.000395369825281433;0.000407503034127954;0.000432876069619503;0.000444403636473689;0.000441465418550502;0.00047521171014786;0.000484984724412163;0.000514981054746677;0.000540035602017319;0.000542580373389612;0.000556993712906184;0.000578475754509533;0.000584420756832849;0.000581874308529073;0.000608231385690772;0.000647158643424905;0.000657408816871374;0.000654317741682231;0.000666125597352796;0.000679620245683576;0.000704285284964357;0.000720406218578606;0.000736535740786692;0.000756970676066171;
3.37095940199372E-05;5.32731793108088E-05;4.52589866126729E-05;5.79720427726915E-05;8.40019321337593E-05;0.00011455444339048;0.000107338168845228;0.000103453232256578;0.000129751565850822;0.000166579747039486;0.00015763802466251;0.000164838147651558;0.000188313854859845;0.000181043479565712;0.000216931415396915;0.000243970015004424;0.000262916557621562;0.000299096938978227;0.000302666506296845;0.000293553553743164;0.000315474677915484;0.000340921910085168;0.000358962385472061;0.000383264891639978;0.000395492740075998;0.000408843006303172;0.00039242137393769;0.000378185919526208;0.000399353585464945;0.000430220811383331;0.000457893418396083;0.000467522849139979;0.000482990943814876;0.000505929950736395;0.000520288194937546;0.000538969796880728;0.000562526117573903;0.000585665928671819;0.000585449761210555;0.00059923114384608;0.000616914239540911;0.000625838240721599;0.000629947932860642;0.000639382389946874;0.000666489627204836;0.000677010641393139;0.000712118167808473;0.00072196110430145;0.00073788555393195;0.000772491156634025;
2.81473705197044E-05;4.76228382675359E-05;3.64450234278113E-05;5.09215471531377E-05;8.32027254966672E-05;9.67501258573034E-05;9.91389525608621E-05;9.85977202050403E-05;0.000110684413870077;0.000171070308381926;0.000162584314550185;0.000180332553448626;0.000220355452301924;0.000207107347627633;0.000201780810742958;0.000241186608669786;0.000278717901564418;0.000286955311873394;0.000307667443217641;0.000296390743090402;0.000313933596139959;0.000330905052161379;0.000330067086073971;0.000370374493891434;0.000393395112924466;0.00039607827298771;0.000404967170996473;0.000411887653577026;0.000409684806728317;0.000451871698482709;0.000476609592647392;0.000476661849500015;0.000493402398864085;0.000504978103718079;0.000518387401893694;0.000536251895787654;0.000540888887060387;0.000563895766235056;0.000566737203178125;0.000582628298224641;0.000630610938072707;0.000636055357523979;0.00061151046567165;0.000641054469729951;0.000673637434909224;0.000699766677969116;0.000717611850760136;0.000721102950297592;0.000737408038149923;0.000773543064397142;
3.2618119595984E-05;4.45787086500449E-05;3.65989570003666E-05;6.27944038789074E-05;7.95919862806027E-05;8.30431755802774E-05;9.65427882269054E-05;0.000126974155240767;0.000150612425561358;0.000197937047815455;0.000191851995881454;0.000197919367474153;0.000195288002742267;0.00020934872218592;0.000222164953458059;0.000238657961759592;0.00025832195259734;0.000263302554664557;0.000274289376759107;0.000287050517666199;0.00031684471192972;0.00035270688732103;0.000357270880178229;0.000362400844496902;0.000371333699328735;0.000381070298830055;0.000410584847153617;0.00042530448993694;0.00043986278641972;0.000473517617044283;0.000438000774352298;0.000464908075528569;0.000504060002765261;0.000541110102272535;0.000558128111255662;0.000548360569257333;0.000559703128248046;0.000583299345561006;0.000590250645823076;0.000597837357087183;0.000622277790253811;0.000653726620403638;0.000654086732042369;0.000668221453101747;0.000702947588595126;0.000745767654563245;0.000744445773195324;0.00074477586769417;0.000753876611611304;0.000762952431745401;
2.37515312855319E-05;2.60381006091936E-05;3.17521489479056E-05;6.29885658021134E-05;8.37865232372614E-05;8.35458569115044E-05;0.000112873460976548;0.000143632684562967;0.000155634930140036;0.000179232623593539;0.000209961826070582;0.000189134852140338;0.000176029577714121;0.000209793961394311;0.000248072541146782;0.000247616292341157;0.000242607441679477;0.000261356824928782;0.000286253052441676;0.000298804608667158;0.000312609477196801;0.000341774342744294;0.000370934145454749;0.000375886887863164;0.000375447566444143;0.000399209587897076;0.000422085378361636;0.000436381727775048;0.00043531556806875;0.000441458825968466;0.000441598423983169;0.000475364948948842;0.00050364972300776;0.000548013530006886;0.000590714397763925;0.000565018519513405;0.000587998273421153;0.00059930309896794;0.000611719691911095;0.000620876376641544;0.000607974878330531;0.000624331072522022;0.000649754491000021;0.000682396215498926;0.000708841117922354;0.000728395235568779;0.000738462794163564;0.000755485141700873;0.000776193950299486;0.000763515369149648;
1.56004543341304E-05;2.30557474252269E-05;4.38006745704378E-05;4.75121728782391E-05;8.61578250670458E-05;9.26119215405308E-05;0.000117217043522189;0.000125412806576852;0.000124101951416322;0.000158929873601887;0.000192704976071489;0.000190206396457393;0.000194820470699186;0.000212868181438841;0.000234573984156161;0.000243686511927854;0.000263549655526552;0.000285429024196926;0.000300346576888266;0.000330147563879946;0.000339936320690404;0.000342476234206579;0.000362243058756651;0.000398026065719703;0.000385443137773667;0.000385187771416495;0.000420162042090944;0.000442390993937503;0.000437173352497933;0.000431457849510819;0.000476206642894494;0.000509272154132212;0.000500546149841075;0.000509719414309551;0.000544787096123045;0.000576289461871937;0.000593689642418127;0.00060312381031169;0.000615783567893935;0.000627671742990277;0.00062218960828675;0.000610487648457614;0.000641396221558566;0.000680482413133454;0.000697589773284157;0.000698246765898247;0.000718062693678689;0.000740097275744755;0.000755615479517857;0.000759284188896814;
1.19473475155285E-05;3.13267147429297E-05;5.60845795265497E-05;5.94938409166357E-05;8.64591229283729E-05;9.89867223055718E-05;9.04755246688982E-05;0.000113161366745773;0.00011285013908835;0.000145546084516002;0.000173530983336723;0.000198323068638095;0.000206943273147298;0.000219549978591527;0.000246756320710362;0.000250460829226418;0.000266103879546176;0.000283091386450218;0.000292419987391934;0.000322960925653426;0.000355906849713428;0.000358691837722969;0.000364627106867355;0.00040555371575568;0.000408156333698173;0.000388133349437547;0.00041733977602898;0.000448275048159807;0.000456451706788652;0.000451946351868626;0.00045835191903798;0.000502268927530913;0.000495649262965081;0.000515550744015325;0.000528278226387346;0.000555256109993518;0.000588999669528967;0.000590892967168077;0.00061974054546754;0.000627678624678829;0.0006615623108428;0.000658989685534017;0.000657662774623091;0.000668013967244807;0.000669191670889635;0.000697759380416496;0.00073299253286585;0.000750558609341478;0.000758667289990633;0.000774058286549639;
3.29462376085221E-05;3.76882552552971E-05;5.06889186790982E-05;4.17294236119137E-05;5.97573937470841E-05;8.7716788234049E-05;7.627911887087E-05;0.000113549853441031;0.000139714265957935;0.000155611657959964;0.00016405738146652;0.000192475037163353;0.000210001352595968;0.000238448057819363;0.000249105486256673;0.000250819137595504;0.000268832863627999;0.000280190905811217;0.000304270730333789;0.000308859381189075;0.000328771523602445;0.000325326696050787;0.000353129122347307;0.000384994983320119;0.00039059202731484;0.000421168931250993;0.00043874569356861;0.000476113869944728;0.000468397248738484;0.000439658723170089;0.000459937724715864;0.000486466023916332;0.000496028221165012;0.000531718230071032;0.000542759302069484;0.000536730098182225;0.000571430670952999;0.000591416332221595;0.000613540516821942;0.000642680889728187;0.00064888263092211;0.000661988883472464;0.000676381991335795;0.000680771956323323;0.00068628776564239;0.000721605055243657;0.000743217052835199;0.000757328132590107;0.000769766337666233;0.000800592917490128;
2.67576344912257E-05;4.51648013117811E-05;4.68097098793585E-05;7.35895244823315E-05;9.47976808263196E-05;8.96967996188991E-05;9.0308937505057E-05;0.000116131472687853;0.000135364690756368;0.000154729459489245;0.000180993259785489;0.00019593619627678;0.000209748175222235;0.000222628109415535;0.000216884036964404;0.000250249589456297;0.000260054582562397;0.000276695849163122;0.00031119619323583;0.000325856335193109;0.000346668656467708;0.0003476022695168;0.000363026522515408;0.000364358323010405;0.000372708080185857;0.000432654583025105;0.000457051961602062;0.000449499771985495;0.000469140956734337;0.000485908831844295;0.000485231402200803;0.000498233902619161;0.000510914492797054;0.000534787765287259;0.000541444379696276;0.000550716711815724;0.000558020980455876;0.000582527590884396;0.000591379447713258;0.000611706485499575;0.000612682676155885;0.000650776543789533;0.000681219839478331;0.000677181080369849;0.000693505550801721;0.000729328622345982;0.000745820504186145;0.000764509791341794;0.000793425578037521;0.000810770806908501;
2.20343504282461E-05;3.60696530490312E-05;3.75672031263097E-05;6.8028383237273E-05;0.000102027685844774;9.52086320298307E-05;0.000107814429444186;0.00011772769025109;0.000143709865073838;0.000149645913255059;0.00017656054071058;0.000207414711191234;0.000209830223787733;0.000212935775852907;0.000234319556488449;0.000264079492430236;0.000272414819632694;0.000274323700774293;0.000295954076074967;0.000310956321890599;0.00033396218665338;0.00035599812662146;0.00036283251846303;0.000379312456831649;0.000402607373739094;0.00042100277295587;0.000432068757285631;0.000434233811654972;0.000451872292223099;0.000486925861890475;0.000509910872924069;0.000525618962951668;0.000527769166902781;0.000528688291431489;0.000540373138520511;0.000570423236049056;0.000578864154181957;0.000605248602803421;0.000606831744240477;0.000610625019742628;0.000637657750003573;0.000647288984622296;0.000684242107209965;0.000698471850625992;0.00071146731295757;0.000726724074552543;0.000747776528041477;0.000768678567945713;0.00078508935846644;0.000797524660411053;
3.9283542226487E-05;4.39259898021849E-05;5.26225797792268E-05;8.87685601562715E-05;0.000102020837753791;8.68446536474998E-05;8.44767042069705E-05;0.000155545317753747;0.000191051598652181;0.000160629518217603;0.000173646628738977;0.000199310529654828;0.000212800362813681;0.000231620412827538;0.000263528142175451;0.000264050005237326;0.00026936178421666;0.000277011074660605;0.000298765816705071;0.000322612459046301;0.000313502170824265;0.000349938214426304;0.000381388328126731;0.000403565409295537;0.000408070235859537;0.00040935552037813;0.00042798697976032;0.000427094534563244;0.000430950257072293;0.000470382379724299;0.000497306785387286;0.000526001666997233;0.000539737709536636;0.000527875362707153;0.000555944398376695;0.000587966309487875;0.000611552727885822;0.00061862786895972;0.00063778610063725;0.00063853288830007;0.000654917283220868;0.000670143293270975;0.000696583124564221;0.000721250446646504;0.000757065743130614;0.000739424363904728;0.000745029706462397;0.000771422772407604;0.000782513449475886;0.000810066422916478;
4.51617605612409E-05;6.69565321738119E-05;7.00050662456597E-05;8.66601060818262E-05;8.7151385047779E-05;8.33415948238159E-05;9.81508345290205E-05;0.000145037856940311;0.000167694643516847;0.000166952589975011;0.000188959124588606;0.00018639104626561;0.000204869959753107;0.000253943907951748;0.000270639641439252;0.000261299999917308;0.000267931733721749;0.000284896327269246;0.000315121434874444;0.000336818389814919;0.000336933278938023;0.000380147852495849;0.000389849457883562;0.000398091482077367;0.000409117790394875;0.00042041190509412;0.000452628928747867;0.000444840458178941;0.000467810560590642;0.000485288447412024;0.000489493833460308;0.000527606131831337;0.000541825962705689;0.000553608714187526;0.000569834952236281;0.000563469846001752;0.000598415714645029;0.000629435832814274;0.000635185715520681;0.000636224983154854;0.000669336868784232;0.000679411309786104;0.000689832566376669;0.000733023640951735;0.000746426844581372;0.000750743553364241;0.000749333850594613;0.000779573842517589;0.000797059855631943;0.00083036356891153;
2.90412017780461E-05;4.32478128691294E-05;3.57634818475283E-05;6.1529850816866E-05;6.96075394306384E-05;8.13057413178164E-05;0.000124472714889245;0.000133334951414543;0.000150373127598802;0.000163918139819974;0.000176445474228126;0.000189926804235019;0.000200388454021261;0.000235451972932954;0.000251515783860068;0.000248895161516161;0.000262535352168358;0.000283802020630164;0.000299663984218546;0.000314329752027609;0.00034639539828385;0.000385081091322848;0.000389678808103255;0.000387407243553684;0.000429393243521758;0.000436326831142697;0.000471044077144711;0.000480366287024525;0.000484595622471717;0.000490570750757202;0.00049639036207294;0.000522359175603393;0.000528086696934382;0.000551540569320164;0.000573962141905859;0.000590528038141969;0.000617185417486343;0.00063757719784352;0.000658351963162218;0.000656533913905744;0.000655443706786052;0.000665572014736604;0.000682867896577566;0.00071436757775567;0.00073420044812611;0.000741304736313619;0.000750532458497766;0.000779091567675749;0.000802124487149669;0.000818444851066857;
1.89046108765023E-05;3.09412737173886E-05;3.54235335524589E-05;4.42658347883373E-05;7.23315945485581E-05;9.84351012505158E-05;0.000123279620123373;0.00015362291758092;0.00015959509125274;0.000163417858970893;0.000170363982094357;0.000185748272256592;0.000212189380859873;0.00024954089276763;0.000232480040487371;0.000236067500900661;0.000265630056086152;0.000284313651067514;0.00029704965742483;0.000317961330209116;0.000346014706792186;0.000377655608129635;0.000385596796957266;0.000388941890827166;0.00041088718517357;0.000425540478831588;0.000454186995902939;0.000465239950134144;0.000468401013762776;0.000496473846155254;0.000514361690633569;0.000531265093530076;0.000527761399282234;0.000526217413889363;0.000580092871320215;0.000620406165499077;0.000624189768016592;0.000633421852638261;0.000636177439317986;0.000671835535528409;0.000663219543051152;0.000659357853776577;0.000692534106794707;0.000696051768546369;0.000722815255820741;0.000738323294016574;0.000752701329576055;0.000778753555987777;0.000793148465274118;0.000798270649977617;
2.09835550659676E-05;4.47866138377773E-05;5.36111665558892E-05;5.72812196359962E-05;7.31383272147834E-05;0.000120089991805905;0.00010733134768115;0.000128669959984951;0.000185169953828446;0.000172068098465261;0.000164478723884032;0.000186418131037369;0.000213134533205595;0.000243793200402909;0.00025206274162981;0.000279502939162013;0.000286705565677892;0.000300299617582711;0.000328340763960933;0.000353384818763347;0.000374512756671663;0.000368581340491669;0.000390464068614982;0.000408696241695816;0.000403455836555544;0.000423162553709666;0.000438713670524171;0.00043972817766913;0.000446770504966887;0.000495383091784207;0.000510255971299056;0.000519877206347052;0.00054776088041697;0.0005472888223641;0.000563302991525294;0.000596212793943174;0.000601620485923604;0.000629241624098942;0.000648825311284629;0.000662853248693196;0.000669307587795931;0.000679952831457165;0.000722155844528061;0.000739506301457915;0.000749616926642549;0.000752110145160856;0.000768039594189585;0.000786511078172403;0.000795512869935067;0.000807077518455657;
2.02263688160453E-05;4.94127445265224E-05;5.7705608141001E-05;6.5868675633185E-05;8.37762154195509E-05;0.000106409700092902;0.000123689437056651;0.000119379496131611;0.000156616162599765;0.000190075097907139;0.000189555325143531;0.000197838513425697;0.00021153966800469;0.000228724941649272;0.000256872077568526;0.00028899258625803;0.000290645479225304;0.000302140820971797;0.000319851668511228;0.000344958465610334;0.000365658457422535;0.000357753930754212;0.000363670660479043;0.000384765070971183;0.00042411074887494;0.000440746033721018;0.000444653525663918;0.000430634857558232;0.000445078759640394;0.000459878076885856;0.000486227698109909;0.000498426149396769;0.000527544126478707;0.000552817612784251;0.000568885827833654;0.000570185530635037;0.000608613114968293;0.000640645712167043;0.000649598080467495;0.000645909469430439;0.000678335001785157;0.000702163785922583;0.000734090556666622;0.000766996264224495;0.000753911258579265;0.000745559937930462;0.000764776654123889;0.00080224304552301;0.0008071273246264;0.000829336145486081;
1.73184728264886E-05;2.90946041385798E-05;4.12341974616037E-05;4.34663071935404E-05;7.27254638048791E-05;9.12755059281345E-05;0.000119142895739666;0.000138316810770256;0.00014474497182182;0.000164842943629173;0.000193281835282666;0.000213622667985303;0.000244150452507474;0.000252654040547418;0.000246645435010628;0.000255620900825981;0.000276318416134735;0.000297111343737999;0.000310655319580855;0.000321522782816386;0.00034255100730185;0.000382161193352548;0.000391237659270072;0.000402337994100277;0.000423948058967838;0.000430261635400386;0.000452307264999563;0.000461735954729869;0.000470414545536535;0.000477429329987844;0.000488935571543614;0.000508483399431547;0.000565672122071481;0.000586514763947221;0.000580372770432547;0.000607850198240278;0.000612766487194882;0.000617474823777275;0.000641325623560007;0.000664939159083833;0.000688475956601486;0.000713630410873023;0.00072778628770287;0.000750455352106716;0.000763064644514699;0.000760126461145205;0.0007618021415432;0.000790298216255536;0.000811750544383649;0.000835007317587788;
2.66113786704381E-05;3.02897576807126E-05;3.85663024113914E-05;2.53677037234112E-05;6.18591343772845E-05;8.7728108311147E-05;0.000112801598928236;0.000149014779804668;0.000144152652840734;0.000144861636738769;0.000184240811367697;0.000208851939600407;0.000231633918466811;0.000260133717709721;0.000248805098964078;0.00024608240107804;0.000278035457281778;0.000305435142223587;0.00030005001578659;0.00033117830973417;0.000364456489639009;0.000386407042348047;0.00039115766339215;0.000413929169468918;0.000435178569899719;0.000424513400731241;0.000444547905268378;0.000486155006214517;0.000478344667228292;0.00047390249540169;0.000494309609526455;0.000521930936995707;0.00057324261332603;0.000610014856867735;0.000595302045427459;0.000631629693923941;0.000618937856067703;0.000627564198851793;0.000663471243020464;0.000681480249301814;0.000684660344495658;0.00070494536974719;0.000716317978247005;0.0007398387957398;0.000779678374648984;0.000796758343887483;0.000787275793630471;0.000781063994683695;0.000818960465776453;0.000863319872303592;
2.28306029217418E-05;2.65744648471067E-05;4.56464840203896E-05;5.52236986908206E-05;6.85097759955955E-05;8.84496452313588E-05;9.59627537180374E-05;0.000125282299887175;0.000159404453599632;0.000163067923014126;0.000183414166198936;0.000205649630386939;0.000221128636622936;0.000246862826759009;0.000262430228298749;0.000285530800052891;0.00028932410296223;0.000292467161663312;0.000295903204938108;0.000348594326293972;0.000356441652880957;0.000353074363327988;0.000374105647768852;0.000392756705352326;0.000435735686154404;0.000446419275920151;0.000450984698411538;0.000479028826661176;0.000484875119706851;0.000482882010501173;0.000501332635778784;0.000521364777192224;0.000543017757200781;0.000565615357720484;0.000594535266188689;0.000614730561329768;0.000610094531450223;0.000641049423195206;0.000691862092711659;0.00068743276796468;0.000696058064118432;0.000709284896866169;0.000699479627371158;0.000730644131556435;0.000780068292578928;0.000805828761688776;0.000819820161241935;0.000807685257803392;0.000840943189828636;0.000883473576627214;
1.50279092780981E-05;3.28613533027156E-05;5.14348369256012E-05;7.09814830632816E-05;8.09957722689436E-05;9.47539768845207E-05;0.000107023769195358;0.00010938869228494;0.000153035196308049;0.000161059787364248;0.000180540162388221;0.000198679146912739;0.000216316181828824;0.000241633072190939;0.000277952074150045;0.000298463573335517;0.000283776588373419;0.00027868536614295;0.000329270372201984;0.000363909224567305;0.000339643276203505;0.000348410549205092;0.00038626607723824;0.000384611827965342;0.000425266487828813;0.000457097865149469;0.000459968927034593;0.000490296742202911;0.000503252503432305;0.000532053124152831;0.000539459501356587;0.000532358335263217;0.000564740936422226;0.000581842461218951;0.000592126921196812;0.000597363924791594;0.000626252287132534;0.000652337515429036;0.000680071413821981;0.000683672904076005;0.000714062165573459;0.000726926620139512;0.00071467808194603;0.000729165120852748;0.000788991973128983;0.000812474174465727;0.000814640920467902;0.000826342205084707;0.000845829322569713;0.000884374492469586;
2.97176697894308E-06;1.4816652255556E-05;4.51577876805498E-05;6.89566238949446E-05;7.96500409696588E-05;0.000100497312388148;0.000117801748570789;0.00012222829796027;0.000155176107046184;0.000173699422186258;0.000182384324984741;0.000202247133642475;0.000223388826780524;0.000246815754977647;0.000268484272929914;0.000279614355628954;0.000274502493262663;0.000295984747671341;0.00036793308306482;0.000361449079922416;0.000329509492273283;0.000356591769593573;0.000376179988595071;0.000400146860459749;0.000429215274713846;0.000444055478263428;0.000451430707792744;0.000467376033240985;0.000489446444406294;0.000522541286495315;0.000539869151766181;0.000551905511535944;0.000580863819000133;0.000606949479164731;0.000607789300870465;0.000602903300065183;0.000599885425435875;0.000648489065001812;0.000683742949989519;0.000671116525611026;0.000683194164063927;0.00072386089098897;0.000735824645346383;0.000749119101545848;0.000809710678235653;0.00080914076346339;0.00079459114628655;0.000817578747857706;0.0008324229315817;0.00085993099638193;
7.67216885622091E-06;1.81707305235701E-05;4.63335953888588E-05;6.99779474777618E-05;8.44105066786227E-05;9.78216402822696E-05;0.000116375537546398;0.000146739771923254;0.000155332138338848;0.000165430910759934;0.00017322688182464;0.000193684369661162;0.000210111105026778;0.000233253257653665;0.000248915796780769;0.000281891290618952;0.000284012821444968;0.000301534136611714;0.000342908863419478;0.000350080088910687;0.000349071653113819;0.000344290503246691;0.0003781814050412;0.000434683892608589;0.000437698161183775;0.000441847516011284;0.000456099755244299;0.000439432577128862;0.000486552333833767;0.000536820594978504;0.000535334136299026;0.000522234133108812;0.000567833500671577;0.00061871002306102;0.000610406733253299;0.00061923320496593;0.000621321749882497;0.000615796126430368;0.000668278940116895;0.000715665141345134;0.000698922199202201;0.000702380525932522;0.00072883908445398;0.000773709595319083;0.000806133209608983;0.000804300584292594;0.000818635387827893;0.000830485101840139;0.000838416323925895;0.000857217333065208;
1.89464438411502E-05;5.21286543941901E-05;6.75914647256803E-05;8.32925116756034E-05;0.000110852097169767;0.000102218644383534;0.000109600059307713;0.000145846353678536;0.000149786441946964;0.000158472742501137;0.000166753057340374;0.000189566693414966;0.000195110545664789;0.000210748179826581;0.000226419375315867;0.000271404580355905;0.000311675349646823;0.000318745210877269;0.000331117274114501;0.000352345426109402;0.000371155422437042;0.000361334938079327;0.000393630339480033;0.000429611576706401;0.000433520205525006;0.000449712142148284;0.000469346647624658;0.000466534245349148;0.00047163757866131;0.000508714912145658;0.000511876413901602;0.000549284270746409;0.000587768788217868;0.000608351686144148;0.000615196793691819;0.000621352786450036;0.000634916957683807;0.000625702971142506;0.000650108575382724;0.000707920886712454;0.000731248092175729;0.000707104214762833;0.000702501120743104;0.000763830694872958;0.00078558729680589;0.000802978753513095;0.000839099500518525;0.000841471609372757;0.000853931094588756;0.000874450372139624;
1.82750480788307E-05;6.22409503856503E-05;7.80149271490949E-05;7.82752057610914E-05;0.000100608903432553;9.90043468309665E-05;0.000116510257426539;0.000150218616386866;0.000162765910611151;0.00018078492871354;0.000192792507344497;0.000225304623852063;0.000246125354674165;0.000204087572292955;0.000227012518800973;0.000263435647594124;0.00028940264541033;0.000323613809074086;0.000339921464729276;0.000369397694655493;0.000380703683156902;0.000379205792154114;0.00039434775282543;0.000404767846701626;0.000439798984285478;0.000473619370116474;0.000462562905299002;0.000458848033974668;0.000476353128129325;0.000495363473549615;0.000514163912819221;0.000555276289948781;0.000585819518199582;0.000589151645029373;0.000618198105649448;0.000616771249449588;0.000614248219928282;0.000639762365888252;0.000664319063186092;0.000669922335222672;0.000713987628297108;0.000727119806306131;0.000753652739294175;0.000762428442308227;0.000755869452387259;0.000810623276267464;0.000831850240904153;0.000843408705484272;0.000876544036136018;0.000890444815119018;
8.41846113419642E-06;4.32057801889041E-05;7.50902968751355E-05;6.70277049164003E-05;8.66525413729669E-05;9.41712280564388E-05;0.000108056129073608;0.000152226159676694;0.000180725621780287;0.000183391824916446;0.000181998752179613;0.000205355595540913;0.000255197010881947;0.000234927653859462;0.00023010824068348;0.000263691742493632;0.000259454281152482;0.000300285488592511;0.000340759789679623;0.000353284382701879;0.000373870352328165;0.00038224232587325;0.000406858263314991;0.000423312053008829;0.00046073165795435;0.000477384723588159;0.000463024034228932;0.000478755331701164;0.000511759402162859;0.000530694929771647;0.000556164590256758;0.000566602104188574;0.00057466623752056;0.000575570496971434;0.000610815846194157;0.000623561223607627;0.000631054244292439;0.000661824140590017;0.00068066909522102;0.000697227058518379;0.000708932269453122;0.00074224234989817;0.000783453611202578;0.000761124745377817;0.000772513883076531;0.00081832921368985;0.000841538834802869;0.000858272674556293;0.000882728350082296;0.000888565486052428;
1.70303227418067E-05;4.40965766834722E-05;9.1831362267758E-05;8.20761565671901E-05;8.69566415773182E-05;0.00011776465155644;0.000124521969419922;0.000146006707845148;0.000149424560225264;0.000154484685244038;0.000170607582330118;0.000180358799544589;0.000227694333812978;0.000265017174548632;0.000261722127884778;0.000274189048510842;0.000272217842839151;0.000287266679381393;0.00032605878394687;0.000330374043902237;0.00035186308040025;0.000386800010150568;0.000425662732183918;0.000431719258383589;0.00044090078809278;0.000466781616389023;0.000477237291895749;0.000498849511052502;0.000514969815121891;0.000540741772000253;0.000572410068001572;0.000594025667288278;0.000581737713954533;0.000579733471771426;0.000604747898373503;0.000644725422599635;0.000663934515318321;0.000680884152921557;0.00068100369649704;0.000684867210270834;0.000705482612136432;0.000745635678105483;0.000752888249988981;0.000768432115654694;0.000790401210310598;0.000816561476331579;0.000849877101209096;0.000864729103632556;0.000873045561548658;0.000895467670349426;
2.99494165370007E-05;5.38694284950569E-05;6.1809881398478E-05;8.59330815221604E-05;0.000106963064996801;0.000120649958129881;0.000130890100513481;0.000133232243826997;0.000134642726038137;0.000179612474516144;0.000203355076566769;0.000212801952708563;0.000254021367355306;0.000269964079625207;0.00025386174617481;0.000276235158345739;0.000311898607649796;0.000315747635891706;0.000327730147086092;0.000346796293558826;0.000359139165209799;0.000398908125946562;0.000441503060021109;0.000447754617006968;0.000469748449649865;0.000467953013503664;0.000456008927903317;0.000472592072221278;0.000498924118054189;0.000523769360931015;0.000573978864079949;0.000579280300319063;0.000583492170884714;0.00060067756363491;0.000618814967151771;0.000660697562246959;0.000690210706598915;0.000671424699452139;0.000669303593088699;0.000695182356323709;0.000711031957110642;0.000740854402710323;0.000751716345266829;0.000775466496753197;0.000788418063113472;0.00081077738218216;0.000834193647214931;0.000878692741808074;0.000877695486140251;0.000898574094060578;
2.30515052785929E-05;5.29102763249245E-05;4.97857483809927E-05;7.03097333951685E-05;8.66686286888907E-05;9.57986203933281E-05;0.000132687557738986;0.000147944645993991;0.000156257749708621;0.000189195100475437;0.000189121006797799;0.000199853685556528;0.000228127633511765;0.00024210029054661;0.000254787176123705;0.000284531976795677;0.00030791963587351;0.000323076366857578;0.000328785248009389;0.000356498108885051;0.00036907352414306;0.000406747405619079;0.000426591806382826;0.000419129624938508;0.0004506624004319;0.000494034648275576;0.000475435579489591;0.000460652647052306;0.000489629314123885;0.000517491315853436;0.00055663561123831;0.00057793251305549;0.000589224432935742;0.000618225674406281;0.000638241182205679;0.000656162562799434;0.00066140222879385;0.000663705924991653;0.0006935592378019;0.000720397774221837;0.000735253245848888;0.000754112487277858;0.000769747078058103;0.000790992647727862;0.000813493617518368;0.000813312404437827;0.000841572505182242;0.000867771567679476;0.000878773338626182;0.000903828461622957;
6.80667986707739E-06;4.06280276130655E-05;4.73295080325453E-05;6.04230382210691E-05;7.49418219410103E-05;0.000104642524093812;0.000138702975210681;0.000154901314179501;0.000170118454950074;0.000179921056895793;0.000187600740971017;0.000208026344894141;0.000191819744289057;0.000225168638345763;0.000277962653514985;0.000303695631160061;0.000296541680035345;0.000313142152462031;0.000335020653164264;0.000359823524207492;0.000386780092746619;0.000417645763682417;0.000442633930916259;0.000415846243544848;0.000417098692108375;0.000462601989195344;0.000490198731718516;0.000498688835525618;0.000526143920601241;0.000547797977264786;0.000547611788067393;0.000570598356521179;0.000578053225292141;0.000606084846916488;0.000628242480351204;0.000636132048053017;0.000651099667074106;0.000663025147042084;0.000684450502739242;0.000723274336702051;0.000734243999908291;0.000754454844357433;0.000794338252661397;0.000807631974834244;0.000843626033223632;0.000855215795648512;0.00086773998211731;0.000870484534706506;0.000892229587722948;0.000920433536624632;
1.66768395670758E-05;3.93737364143831E-05;4.79756254470054E-05;5.79217411047495E-05;8.45327285270425E-05;0.000109936685674494;0.000145610904501936;0.000184586996116121;0.000175065100741278;0.000176689182210699;0.000208665737982283;0.000230927819915072;0.000235000250071948;0.000245156940994917;0.000266606065800867;0.000306065479767081;0.000319412015218568;0.000323382142988882;0.000351615773878544;0.000368181646692278;0.000376056796743018;0.000418643549280118;0.000418967576690354;0.000406544661648134;0.000448016457250455;0.000474709835990073;0.000491521083297197;0.000504232557358097;0.000522698385533982;0.0005663601214414;0.00056518699235264;0.000565488346115028;0.000589209731127527;0.0005947021217938;0.00060244523428965;0.00061870203000014;0.000669101960865337;0.000698303575120018;0.000677706858537963;0.000702127415161513;0.000727686026166019;0.000744747831889825;0.000796529083328945;0.000817665512758747;0.000834813832733872;0.000859565624521608;0.000865460394682938;0.000880953223231451;0.000899588848820798;0.000913099099940418;
3.2800282508294E-05;5.1195960035999E-05;6.06928846746957E-05;6.84913817396993E-05;7.10737957594354E-05;8.96585946266182E-05;0.000144864383724519;0.000173849113663804;0.000175223092652166;0.000200192830065227;0.000222811987755978;0.000223622595910244;0.00024001892559633;0.000258079627686869;0.000285517111978661;0.000305196466866553;0.000330689945124529;0.000335747884886217;0.000343850069744578;0.000360281287197006;0.000347268201024153;0.000387046722520212;0.000389223707613295;0.000412473226826249;0.000446518589467315;0.000477961802973992;0.000479578562969207;0.00049891194235685;0.000499439669852553;0.000542397798009464;0.000563641603475107;0.00058242480803572;0.000601915390666008;0.000602740538855784;0.000612659243760305;0.000635092781159585;0.000672834606847417;0.000699469697150068;0.000693166525384648;0.000719032084143922;0.000748541972625194;0.000762699562410596;0.000800149109601911;0.000826328332505177;0.000817375834376133;0.000837189771977886;0.000850413570053554;0.000875414355955506;0.000902918906402483;0.000923827426297041;
3.36743946471874E-05;4.76763319685602E-05;6.71382185062352E-05;7.6865961321726E-05;7.80021271069575E-05;9.02294164155659E-05;0.000137576117873017;0.000179884591996249;0.000179130020501073;0.000184610958837261;0.000212036650879988;0.000221580767400087;0.000229364631009754;0.000245452656077116;0.000295188097750532;0.000308971337522501;0.000294684283343338;0.000283646106367552;0.000330537356284522;0.000370253352596217;0.000388706188318988;0.000404458616963588;0.000414198684586475;0.000453918587398405;0.000452407881047057;0.000463782471845198;0.000478257067551002;0.00049227285364184;0.000498228535283918;0.00053969841979451;0.000565726967065805;0.000586091503286257;0.000597834120388718;0.00060375215237829;0.000638954648216394;0.000656017572150613;0.000676345738748196;0.000685105220550319;0.000695518351533142;0.000726961016972894;0.000751014248585147;0.000775336516215752;0.000796783329543693;0.000836557037416696;0.000825034433482585;0.00082368583540493;0.000862283544995623;0.000879648827986301;0.000927358570371517;0.000955450590763185;
2.10293312503662E-05;4.24510591152671E-05;7.03629941096739E-05;8.64653833867468E-05;9.96291361203827E-05;0.000107188221540433;0.000103665516481666;0.000148404960369719;0.000192654336522602;0.000173624648992066;0.000182884991900001;0.000220202594242269;0.000244734345265396;0.000240779451596174;0.000287614946467785;0.000300365758910459;0.000284676116397486;0.000308680457611121;0.000337390738740506;0.000353971303680867;0.000373139544125101;0.000409939543953852;0.000436047705913767;0.000422396375806988;0.000422812062125022;0.000462907542891022;0.000498113151639723;0.000516491764375404;0.000526724507504905;0.000545385188569725;0.0005701132324063;0.000591058503437436;0.000617669186786074;0.000628914059642716;0.00065652076222289;0.000661147917115912;0.000672287260381488;0.000702186908085434;0.000714300673033463;0.00073126569797699;0.00076697720669916;0.000774636514462301;0.00077958821443902;0.000813283730198844;0.000827501656145646;0.000849806730635283;0.000865781280814382;0.000867218346387144;0.000911393028807606;0.000953461227854113;
8.80699427274756E-06;4.18326157456406E-05;8.03572864493951E-05;9.45904569940037E-05;9.62769059433821E-05;0.000117457372764029;0.000122358372979914;0.000130478763905151;0.00017504257781753;0.000168800166493566;0.000184070253869129;0.000227214891404648;0.000243332096293014;0.000253155633710422;0.000257332021104228;0.000287570482348176;0.00031969394222231;0.000342951474883835;0.000357696422613296;0.000367397931685609;0.000369986341045569;0.000389221366128512;0.000412723274946236;0.000393341545825932;0.00042462031076429;0.000478103321894796;0.000488084444282055;0.000514524792153193;0.000520851593317717;0.000526040782938608;0.000565070990898198;0.000603066427437904;0.000628743062732307;0.000647063606552978;0.000652343118715759;0.000678218778754847;0.000692858975064325;0.000726309088864063;0.000724373068990758;0.000713938309028439;0.000745340000881001;0.000771941948074506;0.000784059883756072;0.000791626181576355;0.000842752173609629;0.000878824904175346;0.00087400191656517;0.000883662071705871;0.000912896551226616;0.000941916884115823;
1.83208829780401E-05;4.26999098761538E-05;7.65728022800172E-05;8.96128736442847E-05;8.99448798372671E-05;0.000138685541487105;0.000145744118238866;0.000149987572546584;0.000177965551526715;0.000183951411994898;0.00018427805603094;0.000216450771078569;0.000230859148282803;0.000242572257574847;0.000230816803037714;0.000273857466708605;0.000331825513244288;0.000344100308446782;0.000385716103090239;0.000407984400900174;0.00041773324092631;0.000411256895989753;0.000405108610673555;0.000422450953647013;0.000452349836633337;0.000469861193284071;0.000471707959351697;0.000505072159732833;0.000525568546704491;0.000549308033223728;0.000576297837579176;0.000601688769759967;0.00063467464604039;0.000663004027461778;0.000654641533078149;0.000673733381514996;0.000708608915519271;0.000707023261103057;0.000685155701149132;0.000724276216167663;0.000752271834429941;0.000770164845313115;0.000780882923727688;0.000818799698965478;0.000869313209723721;0.000881984332462338;0.000892565241276344;0.000911269260551073;0.000944022462708638;0.000952863622017741;
2.6124472234379E-06;3.19224887768144E-05;7.57947724678854E-05;9.56498328164024E-05;0.000111613962037849;0.000141537696330518;0.00015080624927144;0.000167636731291498;0.000175887107486394;0.000191399955106641;0.000199017972185245;0.000208044111133732;0.000233067311312229;0.000245189087893949;0.00024900101261438;0.000261427563940209;0.000305293386442029;0.000335541029680808;0.000357656833191999;0.00039393267276755;0.000415150917017382;0.000420814425446059;0.000433489301747914;0.000443583600927777;0.000464325661022835;0.000477330598316783;0.000484130114598802;0.000508299308279891;0.000548901002459301;0.000573620180493117;0.000591932927820116;0.000595364151841027;0.000623924167432177;0.000668836726099409;0.000680468572230364;0.000682543979043437;0.00069872412819727;0.000706854047549221;0.000706095924656758;0.000740654334954183;0.000781976150125985;0.000786573930380285;0.000800161317117798;0.000823111559225875;0.000846228918647274;0.000874737894357658;0.000901377591907782;0.000920156522911331;0.000957889443226723;0.000971889977145146;
1.49524059811501E-05;3.09724578517745E-05;5.69790144473448E-05;9.30903704290387E-05;0.000117712623519672;0.000132772357063882;0.000151333544179177;0.000169484904986472;0.000186905414775063;0.00019772222657799;0.000200641585599404;0.000219467881514612;0.000245259354356708;0.000258845778781991;0.000258139985043759;0.000277440924466354;0.000313291038142927;0.000331437343342067;0.000339426673367615;0.00036937409640303;0.0003833784311007;0.000414244724482593;0.000440670447789948;0.000462868002008676;0.000479331549478657;0.000493419168033693;0.000503882892935126;0.000512342882321715;0.000541313986234249;0.000561587430024879;0.000583747698357673;0.000610798732277207;0.000623902148235267;0.000647685793743191;0.000658831263217863;0.000676948741234806;0.000708978303998631;0.000738513501773674;0.000727935572644611;0.000754911317411011;0.00078833112943677;0.000788410112399163;0.000824799261228915;0.000827779797528905;0.000828095282002117;0.00085616566865454;0.000893829257283763;0.000927101018234566;0.000950114453463158;0.000971738458023008;
