0.0799853645241564;0.137977735365689;0.195943691402287;0.253926455383598;0.311897897431061;0.369849893829767;0.427837945028009;0.485851373324021;0.543816237543083;0.601774254779991;0.659747987065875;0.717731947240433;0.775713188751267;0.833675473067314;0.891632347736048;0.949608900554615;1.00758602189552;1.06555557158048;1.12352646025503;1.18149805222681;1.23948032886293;1.29746063585839;1.35543525387828;1.41340363659796;1.47135317173409;1.52933426745405;1.58732612719592;1.64529185576691;1.70326251832548;1.76124795184137;1.81921446206388;1.87717287101096;1.93515330124581;1.9931186234241;2.05112087362561;2.10911098771646;2.16705349475248;2.22502783249768;2.28302802419739;2.34099769461209;2.39897281255334;2.45692774545208;2.51488800179857;2.57286800992668;2.63086882792121;2.6888422039556;2.74680725743942;2.80478387454246;2.86276361744792;2.9207404691373;
0.0800058640464267;0.137980224267676;0.195934133236325;0.253915050060308;0.311896747973812;0.369862608474571;0.42784312534339;0.485820564257182;0.543818377382532;0.601787058387815;0.659748138240532;0.71772447236904;0.775701666928259;0.833668295805082;0.891643205617113;0.949616725895326;1.00758371921143;1.0655706457493;1.1235373310168;1.18150472831447;1.23948093111693;1.29745621351256;1.35542637955621;1.41340278259081;1.47138439923432;1.52934616215442;1.58732021647418;1.64529969709537;1.70328544037121;1.76126468333337;1.81920823758625;1.87716671062998;1.93516222769372;1.99314807359749;2.05112417285079;2.10910717776306;2.16706832627101;2.22503638611284;2.28300851277164;2.34100139272874;2.39896960357408;2.45693890928954;2.51490991468265;2.57287330558641;2.63086791086485;2.68884810540497;2.74679859867332;2.80476043399531;2.86273856279309;2.92072328292497;
0.0800145548403326;0.137968708747478;0.195952868770603;0.253936955283434;0.311888150317765;0.369868593656352;0.427853661188603;0.485817198228804;0.543794734818633;0.601777952023228;0.659751118690766;0.717717594422303;0.775689992599252;0.833678339004314;0.891646960294288;0.949618281264752;1.00758264608445;1.0655676198082;1.12354079898147;1.18151361587874;1.23949737966071;1.29746367478082;1.35542373563194;1.41339518877193;1.47138029945528;1.5293404094799;1.58730794331811;1.64528763662865;1.70327206784079;1.76126592119746;1.81922858399289;1.87719776665389;1.93518959025066;1.99316352738113;2.05111179862146;2.10907315406378;2.16706298372095;2.22502452393159;2.28296992372517;2.34098342680942;2.39894530365327;2.45693005144863;2.51492244694087;2.57288860427964;2.63084440673773;2.68884227313075;2.74680078881259;2.80475425524954;2.8627422542998;2.92072424907947;
0.0799980309703558;0.137958398000815;0.195951580639474;0.253945602845413;0.311903310325817;0.369874337536891;0.427845173512595;0.485815458077229;0.5437654877894;0.601749850210839;0.659757826802619;0.717728506958962;0.775701809925333;0.833687290477694;0.891634578735694;0.949584256062089;1.00758660775186;1.06557502724351;1.12354751965742;1.18152317315909;1.2394904474403;1.29747658329466;1.35542194350834;1.4133870998441;1.47137458774658;1.52932987252438;1.5873286994667;1.64528814256606;1.70325466169968;1.76123438670332;1.81924290085438;1.8772338874341;1.93517688639943;1.99312769224011;2.05111268700484;2.10910610913338;2.1670741601465;2.22504612179905;2.28300590657267;2.34097283781036;2.39894268062652;2.45690840395188;2.51491652041436;2.57291032012117;2.6308664724483;2.68882345693157;2.74680236002592;2.80477797061909;2.86275649405059;2.92075101942638;
0.0799784315591014;0.137986439496981;0.195971440866074;0.253936000674837;0.311917159507514;0.369877984942525;0.427831089005603;0.485821680270398;0.543773223724625;0.601752404906702;0.659753259261303;0.717715602153369;0.775691509898334;0.833680042076977;0.891631817168368;0.949586201692761;1.0075851912531;1.06558149335915;1.12355470123607;1.1815243225282;1.23950739818857;1.29745838724495;1.35540671988583;1.41340168980337;1.47137643818235;1.52935234902893;1.58733915864117;1.64531275186331;1.70326830461775;1.76123720874553;1.81923102512027;1.87721934912616;1.93517424385589;1.99313173371885;2.05111684088496;2.10911368742017;2.16709743125024;2.22507645747541;2.28305432329378;2.34099783566028;2.39896756210932;2.45693633633436;2.51491317009402;2.5729119680436;2.63089488196331;2.68885115433433;2.74682191149986;2.80478206432842;2.86276889468963;2.92076629025856;
0.0799713849282537;0.137999163570602;0.19597961960758;0.253917624782239;0.311904238286036;0.369864726910826;0.427828027238626;0.485832669770522;0.543796339827637;0.601767081619453;0.659737047477497;0.717702052960333;0.775690428572662;0.833668347289463;0.891640427062779;0.949619171225179;1.00757678187384;1.06557007477615;1.12355012819455;1.18150804200716;1.23951264863708;1.297491176349;1.35544035174627;1.41341907290142;1.47140223329366;1.52939094440534;1.58734559602775;1.64531121839468;1.70329732056838;1.76125540361808;1.81922742255276;1.87722602325487;1.93518910833841;1.99312049056256;2.05111503656166;2.10911884902217;2.16708016078416;2.22507178935773;2.28305336797154;2.34102012111671;2.39897016021977;2.45694803353896;2.51493871774256;2.5729406649122;2.63089031309892;2.68884600728002;2.74679545897547;2.80477542375791;2.86277539788514;2.92076423818109;
0.079998294149241;0.137983879345725;0.195958088435639;0.253905179387436;0.311901237593327;0.369870048821442;0.427827941797071;0.48582616189141;0.543800042076268;0.601768832202516;0.659727652453599;0.717690638906603;0.775686306650536;0.833664169707897;0.891649253456674;0.949633773489592;1.00758899777118;1.06555062522945;1.12353327560545;1.18151177423077;1.23950348550988;1.29748570975117;1.35546559034009;1.41343073449088;1.47142451618831;1.52938037038075;1.5873413480197;1.64531788665798;1.70331112339047;1.76126318849979;1.81924460307491;1.87723626458489;1.93520306907151;1.99315123712447;2.05112292381283;2.10911222316796;2.16705830611528;2.22505119096172;2.28303197942764;2.3409801669127;2.39893699944969;2.45693267837357;2.51495390797195;2.57293645683526;2.63088532990889;2.68883576070619;2.74679820373255;2.80477804535585;2.86277786099806;2.92077815945956;
0.0800031241718002;0.137978470771136;0.195963023293578;0.253910927511235;0.311885770475139;0.369875277690321;0.427831230734105;0.485794145080497;0.543789173618589;0.601770621317243;0.659738221985423;0.71770501175182;0.775684900366744;0.833660292223907;0.891645393809845;0.949638011101374;1.00759647757086;1.06555068338447;1.12353784857115;1.18154313776934;1.23950012555059;1.29746788055104;1.35544338696946;1.41341448630323;1.47139276615322;1.5293559522774;1.58733477175144;1.64532781072165;1.70330620105145;1.76125522345514;1.81923510984221;1.87720994051427;1.93517818361073;1.99315829783063;2.05113952905687;2.10911786018348;2.16706631111648;2.22505356821881;2.28302679461653;2.34094824591256;2.39894899097064;2.45693810779617;2.51493699132676;2.57291355533106;2.63086402271274;2.68883413293283;2.74682771654888;2.80479834548407;2.86277840459532;2.92077374901051;
0.0800032056058024;0.137979287005136;0.195956928662619;0.253920787171043;0.31188497836128;0.369878397064106;0.427866188824906;0.485810353934049;0.543773295345465;0.601764358987096;0.659751531223923;0.717735167958112;0.775702259909293;0.833673150209791;0.891636734619068;0.949609775067847;1.00757648085895;1.06553863569523;1.12354919652932;1.18153354528897;1.23950367509646;1.29746832100825;1.3554286886172;1.41342206188473;1.4713945910125;1.52935268962549;1.58732260430283;1.64533079188883;1.70331334162648;1.76125994475815;1.81924248233697;1.87721805869264;1.93516837206829;1.99314025100366;2.05111802494838;2.10912253419171;2.16710316170979;2.2250709521687;2.28305288973071;2.34099570092732;2.39896647427326;2.45695456400045;2.51494309982306;2.57290387478017;2.63085110389953;2.6888415156398;2.74684354543869;2.80480947220383;2.86278982592851;2.92077024739524;
0.0799924696659087;0.137968025576229;0.195941945169922;0.253921078578372;0.311895193425279;0.369869205077095;0.427860148698901;0.485837272456179;0.543783056701927;0.601755617419003;0.659744660608285;0.717733963533251;0.775713788022902;0.83367716023012;0.89164393054959;0.949608023981167;1.00757422655059;1.06553192083407;1.12353117958169;1.18151335180205;1.23949857836642;1.29746035093688;1.35544034557466;1.41341594945414;1.47139891593091;1.52936152226189;1.58732735529727;1.64533404323467;1.70329196199776;1.76124621895449;1.81924706229006;1.8772394924599;1.93518608889517;1.99315090189188;2.05112258261525;2.10912553420942;2.16710400222232;2.22506494746987;2.2830263539824;2.3410167450891;2.39897966312969;2.45694372782315;2.51495295999019;2.57292634950366;2.63086659061503;2.68883782597879;2.74682728367294;2.8048113346339;2.86278770394158;2.92077291988986;
0.0800054842724589;0.13796246976947;0.195944507254139;0.253927558842375;0.311901794730207;0.369851226746619;0.427819336599925;0.485820511158112;0.543782965205212;0.601755714568092;0.659738693187427;0.717717670967755;0.775708277377192;0.833668120617684;0.891638481569388;0.949597038206754;1.00757521645826;1.06556727666273;1.12354151652499;1.18151712006547;1.23949626685093;1.29746957464619;1.35543708619804;1.41339539833855;1.47138759388185;1.52937736080588;1.58734971168166;1.6453120666623;1.70327288342038;1.76125444797998;1.81924519607016;1.87723634565409;1.93519159379951;1.99315207884636;2.05115213957234;2.10911937847186;2.16707459546149;2.22505469572503;2.28301665505335;2.34099873224329;2.39899530584863;2.45697811059996;2.51497415859216;2.57292632769389;2.63088429364679;2.68884992294037;2.74681537279919;2.80480579920104;2.86277737457647;2.92074780524271;
0.0800387256678816;0.137993016164379;0.195960237144651;0.253922249638821;0.311879236202206;0.369844120801241;0.427817269377807;0.485800987632033;0.543801860009134;0.601789677695218;0.659748626853047;0.717707069354245;0.775685240770248;0.833666100203088;0.891650843573699;0.949590422253332;1.00757795691107;1.06556724020341;1.12354021307036;1.18153023713276;1.23950604974594;1.2974712972111;1.3554435776683;1.41341491102174;1.47139088150799;1.5293734353975;1.58734960093832;1.64532567760061;1.70329765307436;1.76125290920925;1.81923311295454;1.87724182141962;1.93519821487389;1.99316084850659;2.05115855864217;2.10911341854416;2.16707576540002;2.22505289354771;2.28301398760845;2.34097086137886;2.39899815044384;2.45700696834068;2.51495861866501;2.57291293910473;2.63089264282005;2.68888198312513;2.74683863217607;2.8048225283793;2.86278498415296;2.92074638649388;
0.0800275736993397;0.137991649360465;0.19595110636127;0.253922345731549;0.311874890337467;0.369858360887459;0.427835425131923;0.485828003297614;0.543831791640882;0.601794545320169;0.659749856938172;0.717721098860987;0.775674271753463;0.83366293344034;0.891655289558451;0.949612722299851;1.00759584955726;1.06556923889379;1.12351367557694;1.18150860402314;1.23951086143201;1.29749224842968;1.35547330631871;1.41343091131183;1.47138045924037;1.52936345853681;1.58733540366228;1.64530747087892;1.70329280748542;1.76126446581261;1.81922158252482;1.87721529107462;1.9351850215096;1.99317509454014;2.05116044337668;2.10912276631282;2.16709682078757;2.22507868797831;2.2830442134363;2.34100145230432;2.39898824530022;2.45698752540158;2.51495664116597;2.5729141213211;2.63088658009748;2.68885981035835;2.74684361476908;2.80482104840155;2.86279698565835;2.92077644279065;
0.0800128782934637;0.137993893515653;0.195945034329685;0.253916649120739;0.311903419104857;0.369893986077509;0.427847433159173;0.485803472100567;0.543789680618364;0.601786566279327;0.659737504025541;0.717704876792739;0.775688541736129;0.833641212563489;0.891636462169405;0.949624113917207;1.00760293081983;1.06559881768464;1.12356267023788;1.18151346295872;1.23949564049204;1.29748086547961;1.3554589324543;1.41344325840754;1.47141547915753;1.52938884755117;1.58733242466969;1.64527816152976;1.70325938841944;1.7612505200725;1.81923784610182;1.8772074236148;1.93518300897222;1.99316570597209;2.05114039401742;2.10911871312167;2.16710263977678;2.22508642335891;2.28304572209739;2.3410192608223;2.39899660440491;2.45696522490246;2.51492958764266;2.5728988742577;2.63088685786293;2.68885714892275;2.74685157525849;2.80482210458615;2.86279879300874;2.92079297050364;
0.0800080885122749;0.13798847259342;0.195937249853985;0.253910011999337;0.311902805746533;0.369876799050292;0.427839838522465;0.485798632874323;0.543770635028422;0.601791202213742;0.659742670760246;0.717720281801208;0.775720683891878;0.833666675351912;0.891621432235342;0.949621358715175;1.00761870179171;1.06558664154555;1.1235674293735;1.18151643880259;1.23949391720514;1.29747072856298;1.35543002541699;1.41343034323191;1.4714133793031;1.52937606030989;1.5873449409543;1.64531189158262;1.70326969663656;1.76127177533622;1.81925631196936;1.87721662533904;1.93519351381466;1.99316497900932;2.05113791544826;2.10911623020652;2.16708112054664;2.2250640680763;2.28302698510849;2.34100251990897;2.39901116402614;2.45697614232608;2.51491038562474;2.57290101009067;2.63089397999837;2.68888003252055;2.74685851140822;2.80482142238546;2.8627979435417;2.92079359929027;
0.0800123965651254;0.137984688922502;0.195937523973994;0.253922198830496;0.311899577028469;0.369863361275062;0.427837290224587;0.485827792590445;0.543810455279465;0.601817893419506;0.659771072078097;0.71773826484289;0.775695327380275;0.833668673311808;0.891642156179633;0.949618123408133;1.00759806942938;1.06556363718786;1.12353426581096;1.18150710153028;1.23949693315401;1.29749269201507;1.35545725570673;1.41342238029291;1.47139131988771;1.52936105172617;1.58735054799344;1.64532543208198;1.703299773676;1.76129341263778;1.81921789469473;1.87720449519396;1.93520393516806;1.99320117396368;2.05117809568434;2.1091287239579;2.16709972490207;2.22508294479083;2.28305060899388;2.34101810400894;2.39900265545075;2.45699375055747;2.51495424614836;2.57292841075418;2.63092367124075;2.68892749467696;2.7468857122887;2.8048450506446;2.86281369516906;2.92078280854384;
0.0800032520134946;0.13796647146487;0.195931546198596;0.25392331056429;0.311904067817737;0.369862943761979;0.427853474702687;0.48584355305618;0.543815414271731;0.601798991129183;0.659789296716803;0.717729419383998;0.77567562400904;0.833669453400801;0.891668266274988;0.949627371510176;1.00758226994637;1.0655616550607;1.12354606779079;1.18151882327192;1.23949285388786;1.29748183804471;1.35547106254853;1.41343588407522;1.4713954540079;1.52937921357951;1.58736215559043;1.6453363354238;1.70329494719303;1.76126157376079;1.81922136203421;1.87721490404259;1.93520367235135;1.99320865895851;2.05121107380797;2.10914510420023;2.16712827348457;2.22509910424897;2.28307137727078;2.34104100988378;2.39898829181148;2.45696438985539;2.51495056696705;2.57294206098256;2.630929107525;2.6889090275738;2.7468788799696;2.80485557091625;2.86283552865899;2.92078409551826;
0.079995416256035;0.137964439313765;0.195944450011513;0.253908129185648;0.311906773534853;0.369872929307462;0.427856475339208;0.485824482498878;0.543784474471386;0.601779180920395;0.659772154178526;0.717730038084308;0.7756947993204;0.833673193256336;0.891654645851196;0.949623651801715;1.00760334235609;1.06558544495945;1.12356034949141;1.18155010823078;1.23951992900542;1.29748255255334;1.35546223300275;1.41345791827696;1.47140544254649;1.52936518088842;1.58736017656532;1.64534231586177;1.70329712806797;1.76125136861808;1.81925630596586;1.87724931525664;1.93520033328953;1.99316993883939;2.0511646346269;2.10915611321967;2.16713359577173;2.2251029709322;2.28307584740462;2.34104803757873;2.39900213608046;2.45695104036977;2.51494160623467;2.57294005198282;2.63091788733251;2.68887761923048;2.74685804567111;2.80484101960073;2.8628154100017;2.92077921054352;
0.0799915230090784;0.137971871092901;0.195957055862119;0.253918603299622;0.311906608418866;0.369879548943456;0.427831045848154;0.485813047631451;0.543772431852015;0.601766415798643;0.65975379492039;0.717738331918641;0.775707188231371;0.833679331088463;0.891666481810007;0.949630844053282;1.00760669703604;1.0655830576974;1.1235522498701;1.18154263207067;1.2395357736774;1.29749884191206;1.35546457234599;1.41346545530106;1.47142814525313;1.52936811824177;1.58735731752217;1.64534839354459;1.70331663073122;1.76127201081858;1.81923845919819;1.87724229969526;1.93519514465333;1.99317534947426;2.051147676884;2.10913489035181;2.16712889801856;2.22509044108996;2.28307974692838;2.34104923308916;2.39904227199132;2.45699889925959;2.51495746497578;2.57292807743152;2.63088919818866;2.68887772564062;2.7468736755202;2.80485175921853;2.86281849664287;2.92079383988193;
0.0800118820075548;0.137978092896895;0.195951137439044;0.253900600195921;0.311880437966009;0.36986823959208;0.427816628015273;0.485813056894504;0.543799074951968;0.60177644360952;0.659744136389486;0.717732320968611;0.775709969859503;0.833697740269967;0.891669246283005;0.949631553384203;1.00760910747886;1.06558009957466;1.12356393856007;1.18152860893842;1.23950878189831;1.29746548449828;1.35545307079072;1.41344497331836;1.47141058932888;1.52940117757216;1.58737877172352;1.64537612282059;1.70332851579584;1.761259641657;1.81923990172743;1.87722625284636;1.93519565966928;1.99319117657721;2.05116245443833;2.1091162783028;2.1671111119208;2.22509150983209;2.28307384706482;2.34106316404565;2.39902921780569;2.45700195407769;2.51497688920034;2.57294082398238;2.63090672461035;2.6889018531316;2.74688312265853;2.80485807992812;2.86283026457903;2.92081993431926;
0.0800056559517324;0.137984910188691;0.195947105692395;0.253932444485451;0.311914250354743;0.369869859353874;0.427830572992489;0.485815298122943;0.543795744376772;0.601775820768524;0.659760940942207;0.717735720727523;0.775709990431245;0.833682483575094;0.891636500111228;0.949630343473805;1.00760016810538;1.06557679674149;1.12357107189395;1.1815456218579;1.2395266748998;1.29748769243594;1.35546302430974;1.41342434510948;1.47139269980485;1.52941268577453;1.58739714551378;1.64534954401954;1.70332909218418;1.7613059900283;1.81926527230965;1.87723808291906;1.93521104209664;1.99319468911844;2.0511611689738;2.10913065835461;2.16709761233234;2.22508237529878;2.28305150275834;2.34103162359903;2.3989918034641;2.45699066902305;2.5149816382743;2.57293643017157;2.63091316581993;2.68890966305798;2.74688659188429;2.80486513540839;2.86285387681559;2.92083132632434;
0.080000830514974;0.137976019805446;0.195938359691289;0.253928542032831;0.311921559816211;0.36987403757236;0.427847587911589;0.485817416880232;0.54380377241334;0.601771268262243;0.659757211173278;0.717746991304687;0.775709624228675;0.833674011403106;0.891654237276791;0.9496434764665;1.00761264832858;1.0655747310079;1.12355593131996;1.18153079180553;1.23951399219248;1.29749605040162;1.35546277558971;1.41343934202789;1.47142261255246;1.52940101527418;1.58737207362181;1.64533417773312;1.70331181819197;1.76130720565078;1.81928997741417;1.87726556758266;1.93522785753051;1.99318877930573;2.05115990750805;2.10914998723529;2.16711908969196;2.22510534124127;2.2830663990603;2.34103049580542;2.39901737586153;2.45698617092227;2.51498422703981;2.5729589210849;2.63093062578592;2.6889056559327;2.74688750029385;2.80486867497819;2.86284524900744;2.92081776044702;
0.0800181521405028;0.137983563649981;0.195952143618066;0.253948562809045;0.311922518478838;0.369866966868767;0.427824998511207;0.485855434043236;0.543851110830042;0.601781244775403;0.659754387796558;0.717739314832805;0.775712596889569;0.83369170074648;0.891683997895199;0.949644298333632;1.007609529076;1.06557719203052;1.12355859702516;1.18154240288715;1.23949363445792;1.29748991755688;1.35548141638998;1.41346354507845;1.47142804542775;1.5293893464993;1.58736794993952;1.64532708877943;1.70329082714916;1.76129045413062;1.81927743590764;1.87726607610235;1.93523970705638;1.99318773838053;2.05117552898561;2.10916767190127;2.16715165460453;2.22511901882166;2.28309738294163;2.3410584400451;2.3990352344508;2.45701054758007;2.51499755661315;2.57298176866302;2.63097711485483;2.68891919226588;2.74688448075138;2.80487144930447;2.86284267712283;2.92083010241219;
0.080024746535472;0.138006299383619;0.195969452367783;0.253946836191568;0.311907545008384;0.369863913202986;0.427839380804061;0.485845692480702;0.543827395609223;0.601786386740292;0.659768710261687;0.717727027813353;0.775704750535233;0.833713313196121;0.891690513653189;0.949641642767875;1.00760791413502;1.06558494118673;1.12357482080975;1.18155661836473;1.2395169769921;1.29752020454993;1.35548986578924;1.41345808102715;1.47142910378301;1.52940042122698;1.58739266223113;1.64534501416479;1.70332789495144;1.76130494606154;1.81926937816322;1.87726780886035;1.93524181441896;1.99321353949378;2.05118993515438;2.10914331818864;2.16713845253514;2.22512923482867;2.28309523861267;2.34105673971428;2.39904979151741;2.45702060143698;2.51498990383154;2.57299206538517;2.63096604398408;2.68893152638055;2.74688954494227;2.80487976336025;2.86285667209925;2.9208505123329;
0.0800080973927426;0.137982950340006;0.195936709271092;0.253922426564807;0.31188895738111;0.369860857538193;0.427865728814435;0.48583368131158;0.543809806408853;0.601784121382117;0.659756646289265;0.717729813941871;0.775699985227628;0.833694841247102;0.8916711434099;0.949628959613473;1.00760271809721;1.06558391582909;1.1235596091335;1.18153440023269;1.23952633722047;1.29752517659291;1.35548980723399;1.41344739906164;1.47144939441288;1.52941634721559;1.58741106556093;1.64538044263854;1.70334473389249;1.76131031385745;1.81927588996057;1.87726236586963;1.9352283312903;1.99321158022505;2.05119422767635;2.10917060713972;2.1671572935761;2.22513777125073;2.28311903193902;2.34107637078901;2.39903536721881;2.45700570271075;2.51498194479359;2.57297418909307;2.63095402391488;2.6889209537606;2.74688937748376;2.80487919509994;2.86286221971235;2.92083808971903;
0.0799983097697097;0.137970417399349;0.195936681373222;0.253905581685068;0.311892317449773;0.369878981964155;0.427864208474733;0.485852764954519;0.543819459404228;0.60178370715109;0.659750459418884;0.717725540882395;0.775711931108527;0.833709891363613;0.891652407069068;0.949616062374824;1.00760577679185;1.06558429992763;1.12355710423389;1.18153792813308;1.23952592592621;1.29751764358724;1.35548558086922;1.41344892157606;1.471430900566;1.52940553091699;1.5873941770816;1.64536510710621;1.70332835934348;1.7613164121348;1.81929408857652;1.87727110591395;1.93522780877336;1.99318573536602;2.05120009412609;2.10920118443911;2.16716443050455;2.22513286112883;2.28309602712763;2.34109190506792;2.39904333949118;2.45699883243136;2.51499205923884;2.57295562525619;2.63094191576127;2.68891667789432;2.74689234907222;2.80487914078496;2.86285335318172;2.92081793012879;
0.0800017051227235;0.137984243752059;0.195952563973194;0.253917565774729;0.311894522642205;0.369900176191058;0.427847890950583;0.485828772611202;0.543845887508132;0.601793000525981;0.659744527744381;0.717726468538453;0.775713172180269;0.833703750247697;0.891672039142964;0.94965940515458;1.00762678672154;1.06560032625008;1.12358833008566;1.1815732648605;1.2395544106145;1.29750864479683;1.35549048497131;1.41346869448614;1.4714234764157;1.52940315571134;1.58737869907469;1.64533970807698;1.70330674769046;1.76131532392546;1.81929028559958;1.87725983270461;1.93524747490055;1.99320717492454;2.05118312436337;2.10917669589794;2.16714160170646;2.22512883122972;2.28310856040772;2.34108336921085;2.39904969773073;2.45701902613472;2.51502197435825;2.57299963576524;2.63096924945342;2.6889314004177;2.74690708417586;2.80488642340627;2.86285522227369;2.92082713226295;
0.080000993561788;0.137988864495239;0.195956509207646;0.253925251906831;0.311904138519358;0.369886824465399;0.427863699588752;0.485820198496795;0.543816779883695;0.601809458347154;0.65976933091574;0.717738496022772;0.775711450877301;0.833688235019964;0.891677300174026;0.949669076736469;1.00763056141967;1.0656021288068;1.12357990473409;1.18156522453196;1.23954553828399;1.29749773713872;1.35546372996727;1.41344477822885;1.47144409728583;1.529420742706;1.58738471019637;1.64533068884773;1.70330508924864;1.76127988476365;1.81926629530544;1.87723836935171;1.93522729179003;1.99321310785318;2.05118910681595;2.10915026949452;2.16714859627781;2.22514075936426;2.28310972030276;2.34106516821177;2.39905846316868;2.45704231431715;2.51503427170301;2.57302772445181;2.63097406426845;2.68892481228885;2.74690389125522;2.8049014825275;2.8628670766519;2.92084989034573;
0.0799978568954509;0.13796976928148;0.195941673901799;0.253903009246318;0.311892896639862;0.369871929093843;0.427858403672858;0.48583801319434;0.543804942359282;0.60178499351057;0.659773239887489;0.717753414936273;0.775743839693988;0.833712405369183;0.891667166854741;0.949635699314437;1.00761634576078;1.06559706086778;1.12357003269556;1.18154133341878;1.23952264215784;1.29752218705158;1.3554912423084;1.41346226980197;1.47144392839479;1.52941025439284;1.58739234289162;1.64536174176333;1.70333044201282;1.76129741133169;1.81926881791197;1.87724834344975;1.93526585232188;1.99324671548437;2.05120009081316;2.10918800386836;2.16715266146792;2.22511689024489;2.28310098888248;2.34108480334941;2.39906881870262;2.45705421463016;2.5150267330055;2.57300961463292;2.63098251220963;2.68893947769718;2.74690204325159;2.8048906720583;2.86287151907403;2.92085487328888;
0.0800064338969846;0.137970722725614;0.195938594347298;0.253886246126152;0.311882285530164;0.369867743501204;0.427852335872691;0.485848789261359;0.543804099608832;0.601764781667428;0.659764427598532;0.717749030602822;0.775731437829484;0.833720386952087;0.891668995122389;0.949625622743406;1.00761830699791;1.06560581847001;1.12355955512767;1.18155067804427;1.23954451011259;1.29752650505652;1.3554912176609;1.41347390016653;1.47145517364595;1.52940450597775;1.58738448741879;1.64538612723259;1.7033383626513;1.76129380317048;1.81927455917747;1.87726201188451;1.93527347137485;1.99327057633441;2.0512150898405;2.10921146288042;2.16715914005804;2.2251272891365;2.28312317192746;2.34110208097882;2.399064390422;2.45704352383412;2.51501577212877;2.57299998647479;2.6310005037506;2.68897674434607;2.74692682145005;2.80488101506931;2.86287844668564;2.92088299627044;
0.0800031302830537;0.137967099639345;0.195945242435871;0.25391482171882;0.31188878483034;0.369868853641147;0.427836484189452;0.4858252256285;0.543818955089013;0.601782873822204;0.659763611673843;0.717744901923983;0.775721258466787;0.833706872474111;0.891681361832789;0.949665452472657;1.00762978198958;1.06559259236881;1.12355615081086;1.18156836169191;1.23953628380344;1.29749306976269;1.35547398923134;1.4134527440218;1.47145573566971;1.52942642893117;1.58739097550576;1.64537906786165;1.70334484646587;1.76130289846322;1.81928136454261;1.87726131481521;1.93524358995349;1.99322613587229;2.0512144624006;2.10919528576568;2.16715024156695;2.22514138870081;2.283151692858;2.34110755154506;2.39907598356276;2.45704845380195;2.51499898624224;2.57299053385709;2.63100022457189;2.68898667398647;2.74696024476814;2.80490760443283;2.86290127212196;2.92090393075213;
0.079995533649871;0.137973430510704;0.195952078291106;0.253930506949565;0.311900421144187;0.3698749476777;0.427847948669618;0.485809292575805;0.543812982057583;0.601781091851624;0.659760327890093;0.717738632248625;0.775716108028957;0.833701557661925;0.891697597280058;0.949678694135168;1.0076236266066;1.06557883080924;1.12358929776155;1.18158366199961;1.23951962224487;1.29748832131441;1.35548614451895;1.4134446719598;1.47144526481006;1.52943712227384;1.5873999933511;1.64539030815753;1.70336333061403;1.76135205773909;1.81931941093188;1.87727243371031;1.93526490657923;1.99324167712777;2.05121214556796;2.10917778742295;2.16716539883362;2.2251520181978;2.28314045999186;2.34110320835289;2.39909429754782;2.45706672148618;2.515013773989;2.57298845697982;2.63100918569835;2.68899233404693;2.74695468665163;2.80492670325646;2.86290517377972;2.92090512361673;
0.0799832321315812;0.137954924436734;0.195945854740557;0.253930413521278;0.311899125698383;0.369880231301429;0.427858108842077;0.485821819085249;0.543814905707618;0.601793424098436;0.659761990977055;0.717742337139478;0.775722876331726;0.833706630714861;0.891688892538762;0.949659897010461;1.0076145758406;1.06559595949663;1.1236276700022;1.18158141051653;1.23950964569074;1.29749662620401;1.35547622798459;1.41346015581687;1.47144921574526;1.52942406335549;1.58739144962316;1.6453674063646;1.70334942109234;1.761342555994;1.81931996478402;1.87729180103016;1.93528073537351;1.99326708690271;2.05122759882326;2.10918270942902;2.16713941180364;2.22514870275756;2.28314449810844;2.34109106298593;2.39906255722041;2.45706420409341;2.51503609892163;2.57300876505155;2.63103009516119;2.68898960191155;2.74693458614274;2.80491723755275;2.86289185665016;2.92088002349442;
0.0799865162023112;0.137957894371733;0.195945830077176;0.25393077382731;0.311903941932464;0.369877827536895;0.427856176454223;0.485846417185687;0.543815221829236;0.601785594808539;0.659753098685943;0.717734173953893;0.77570977213198;0.833693021416947;0.891669258917897;0.949661973397396;1.0076242231081;1.0656013455891;1.1236028084376;1.18157022389103;1.23952903755155;1.29748440968458;1.35547825491231;1.41349471640085;1.47145769539612;1.52942186885653;1.58739608336499;1.64533931722606;1.70334653657181;1.76135706842762;1.81931535797418;1.87726208860003;1.93526789324366;1.99327885849617;2.05123045971211;2.10919937908253;2.16716137885523;2.22511586612993;2.28312824639351;2.34113546821472;2.39907850455795;2.45704281649851;2.51502936815678;2.57303413170809;2.63102609389444;2.6889840425273;2.74695839426007;2.80493017791958;2.86289830065316;2.92087654199092;
0.0799983005381553;0.137992322198565;0.195965810306815;0.253942004539021;0.311930946665149;0.369882395096449;0.427849296729349;0.485845866734351;0.543810272550137;0.601779068567364;0.659747621909719;0.717729563220904;0.775695058116792;0.833671499217947;0.891646343177203;0.949651361250317;1.00765192216926;1.06561851052475;1.12359111987138;1.18157245542964;1.23955105869891;1.29750138864344;1.35549373121871;1.41348964604161;1.47145352100231;1.52942972058452;1.58740923761698;1.64536644649351;1.7033316093972;1.76132870015929;1.81929159650746;1.87728906074259;1.93528805277096;1.99326837549118;2.05123502000821;2.10920140333344;2.16717482790325;2.22512547336281;2.28310950147635;2.34112756221576;2.39911151902898;2.45704721329422;2.51500334087452;2.57302447928771;2.63100492944423;2.68898287570029;2.74697961971692;2.80494166349833;2.86291409263714;2.92089456858009;
0.0799985760887258;0.1380017759319;0.19597669526622;0.253937300748233;0.311920812109711;0.369878456056077;0.427856626042449;0.485850034826557;0.54382235733626;0.601800615374246;0.65977324714386;0.717765828268516;0.775745977152278;0.833665010454852;0.891647483009182;0.949643542532985;1.00762969297442;1.06562349403833;1.1235999343219;1.18158926149718;1.23956062473125;1.29751931175296;1.35549430256533;1.41346477019615;1.4714597974566;1.52945364123103;1.58740250853442;1.64535881163772;1.70333634853048;1.76131526339138;1.81929419648461;1.87729502032669;1.93528590078501;1.99324933070072;2.05123822610982;2.1091966712497;2.1671542113541;2.22513874616386;2.28312352252904;2.34108985820581;2.39909388831633;2.45706616143179;2.51505506180963;2.57302323715869;2.63097503405984;2.68899143478613;2.74697242222422;2.80494335132814;2.8629362371568;2.92091113341551;
0.0799887972672588;0.13798168062809;0.195973864403957;0.253927011226868;0.31190722369492;0.369873746255943;0.427847810996382;0.485852218889067;0.543840275979972;0.601802910813726;0.659761535680134;0.717745480129821;0.775755423119473;0.833694726542494;0.891650292644157;0.949643652617777;1.0075997184005;1.06560049911838;1.1236008179006;1.18157315517492;1.23955362131115;1.29752214584731;1.35550680758492;1.4134832588475;1.47148072649759;1.52945736322619;1.58740299887171;1.64537882697803;1.70337165788008;1.76135070667318;1.81933605468714;1.87730641900486;1.93527439899521;1.99323571926305;2.05123130634235;2.10920332841539;2.16717101019753;2.22516181407219;2.28314021158104;2.34111743522782;2.39908917982578;2.45708189736485;2.51508420393247;2.57302198131016;2.63099221646579;2.68899833857724;2.74698126938505;2.80495835480026;2.86294263231187;2.92090897728749;
0.0799968464825545;0.13798257685039;0.195989650272052;0.253941698984328;0.311907930848616;0.369898414297799;0.42786450290126;0.485845553401934;0.543809082694802;0.601774437016094;0.659750680666292;0.717720676658093;0.775727792713969;0.833724163058644;0.891681704321429;0.949654255643507;1.00761225667673;1.06558731527545;1.12358612275997;1.18155056297422;1.23953187635999;1.29752665393804;1.35552563425532;1.41349169736148;1.4714608645765;1.52944677172097;1.58741720714012;1.64539876511057;1.70337486817393;1.76136097054934;1.81935221275433;1.87733368962008;1.93528157334874;1.99323947880707;2.05122501835912;2.10922455510019;2.16720398952453;2.22518139783784;2.2831410821203;2.34110507429679;2.3990854343525;2.4570856834191;2.51505309003035;2.57302918315929;2.6310101790063;2.68899636534513;2.74699036699689;2.80496588697428;2.86293257640878;2.92091584616888;
0.0800100306448344;0.137992500465585;0.195961052010625;0.253945877517233;0.311926557272495;0.369900575397206;0.427870511389469;0.485833380700312;0.543794212510433;0.601798969752307;0.659783713642045;0.717752812259683;0.775753870008563;0.833729316772636;0.891673702112557;0.94965682631637;1.00765232650303;1.06561577444351;1.12358751463338;1.18156683776932;1.23953935546304;1.29753885818588;1.35554146772424;1.41350774660348;1.4714897271164;1.52944793909984;1.5873960008277;1.64537250778038;1.70335888192618;1.76134388577867;1.81935403020704;1.87731920869211;1.93528377545802;1.99326049967185;2.05123830464936;2.10924099901477;2.16723029706818;2.22517145973887;2.28312893167928;2.34111545611053;2.3990909670401;2.45708009398177;2.51505224163515;2.57303600258349;2.63100763863859;2.68899044803303;2.74697378017348;2.80497878209435;2.86293688224665;2.92091813938425;
0.0800034168167678;0.137991241421754;0.195949835610267;0.253930764631004;0.311906652097756;0.369876131205673;0.42787270255694;0.485848331820438;0.543816567244078;0.601809210451855;0.659768839518599;0.717739601378318;0.775727799021585;0.833702386797185;0.891674545962991;0.94966428397528;1.00764793575985;1.06562291078552;1.1235888012024;1.18157667402938;1.23954912480938;1.29754679002251;1.35552654759976;1.41347911980595;1.4714706641942;1.5294740311026;1.58741542246335;1.64536065255894;1.70334954631911;1.76133737625228;1.81933657749671;1.87731763844463;1.93528910835789;1.99327836462441;2.05125826900604;2.10923655854586;2.16720168603907;2.22516374499401;2.2831535213086;2.3411406704524;2.39911547793183;2.4570933648845;2.51506967030068;2.57305150965901;2.63103335903187;2.68899306935392;2.74698120190869;2.80496647847458;2.862937777373;2.92092389262009;
0.0799872561451391;0.137980496380219;0.19594815438165;0.253921455469387;0.311894872320286;0.369884499925717;0.42787864276411;0.48585472468612;0.543830566552429;0.601799860945035;0.659767448965428;0.717748041997404;0.775691970257118;0.833685184718765;0.89169715863621;0.949683389716835;1.00763709019744;1.06561317440089;1.12359483136156;1.1815797414294;1.23956676093306;1.29755757906858;1.3555426280346;1.41347583021679;1.47143712097789;1.52944259541054;1.58743021086262;1.64539881275196;1.70338629791917;1.76136778466675;1.81932783134277;1.87731065718476;1.93527780479;1.99326635002375;2.05124803302524;2.10921573912116;2.16719138319099;2.22516328837601;2.28314463723284;2.34114363876211;2.39911377956234;2.45709378633143;2.51509424974536;2.5730678635781;2.63106497297509;2.68903610379541;2.74700817334554;2.80496936197009;2.86295187565381;2.92094096742047;
0.0799968832359805;0.137979172045792;0.195948036094098;0.253917684955517;0.311905234285969;0.369891231944287;0.427885384336276;0.485883936495566;0.543835262611346;0.601796965652633;0.659788375244938;0.717770477041181;0.775734662221812;0.833705601873193;0.89168664735653;0.949685979438226;1.00765956623299;1.06562330783162;1.1236113112758;1.18158796153197;1.23955603011384;1.29755855117235;1.35551892873765;1.41346663801845;1.47146803118999;1.52945469695602;1.58743145386036;1.64540416152335;1.70338292767814;1.76138655502699;1.81934536725305;1.87730542926703;1.93528893340846;1.99325486817982;2.05122238642909;2.10919887200673;2.16720937773193;2.22519831511465;2.2831379832088;2.34112257967838;2.39910728446217;2.45708385919963;2.51509689088174;2.57307716661191;2.63105482885571;2.68904045420223;2.74700612960571;2.80498154309092;2.86296042838434;2.92093316390662;
0.0800129714181141;0.13799067813307;0.195960195580348;0.253928348095832;0.311891782236506;0.369871081310233;0.427885586459272;0.485873692568955;0.543835206542944;0.601820051046552;0.659802551468775;0.717763310824596;0.775739996060306;0.83371818372536;0.891705676163637;0.949685338763611;1.00767056053697;1.06563531748033;1.12360336657185;1.18158009865523;1.23952745296047;1.29752704931856;1.35548926133007;1.41347249801417;1.47146652610621;1.52945796141596;1.58741952692552;1.64539889633198;1.70335944513171;1.76136244920787;1.81934364740972;1.87732232351731;1.93530144185881;1.99326242560772;2.05123264007073;2.10921543433807;2.16721292027919;2.22519939454462;2.28315278914442;2.3411387773526;2.3991286328848;2.45710254667108;2.51510017145869;2.57308634597153;2.63103667980758;2.6890175591732;2.74699165873157;2.80497611580802;2.86296336859766;2.92094436877836;
0.0800148011029329;0.137987705196976;0.19596711642604;0.253937039434378;0.311897705638386;0.369870795435983;0.427878183620896;0.485879746869764;0.543838979132801;0.601804781921443;0.659791525333346;0.717761507120517;0.775729771635671;0.833705039603656;0.891714838811681;0.949689201828357;1.00763460848907;1.06558353489506;1.12359039958241;1.18159029867724;1.23956863965351;1.29754428693551;1.35551420166963;1.41351383230284;1.47147237560474;1.52944377330967;1.58741825354987;1.64539235001225;1.70335809823966;1.76135944143909;1.81934559386444;1.8773261097686;1.93529775815319;1.99326358214256;2.05125888052251;2.10923550286293;2.16721647661036;2.22518563433615;2.28315588803505;2.34114659597982;2.39913096390859;2.45711574842458;2.51509738883421;2.57309666472654;2.63104452676713;2.68900285558788;2.7470027158333;2.80497950953013;2.86298667294733;2.92097612082763;
0.0800013541719009;0.137982645329501;0.195969948415391;0.253945962510541;0.311919656277216;0.369887916572066;0.427844271942086;0.485849120954149;0.543853087206623;0.601794026081949;0.659763283271321;0.717759936055571;0.77574473739061;0.833700839061489;0.891707457742007;0.949680123210863;1.00762441401548;1.06560876069592;1.12359737298009;1.18157402596059;1.23955322569561;1.29755001747177;1.35553608082727;1.41348238914893;1.47144280265791;1.52944290626615;1.58743810680121;1.64541647427419;1.70338642385159;1.76136547012139;1.81935031371373;1.87733092225389;1.9353170999572;1.99328871324481;2.05127669560439;2.10924084557064;2.16721233930306;2.22520215742587;2.28317470530041;2.34115094252602;2.3991465152972;2.45711526508333;2.5150808555971;2.57307270203558;2.63104612764317;2.68902974843188;2.74700587597327;2.80496700491422;2.86297081890368;2.92097354966491;
0.0799889735608807;0.137981830633098;0.19597966812768;0.25395452214423;0.311916567936438;0.369898276141969;0.427862924886261;0.485830882099878;0.543835086585289;0.601789138678947;0.659764202134888;0.717766931786814;0.775743254432506;0.833713692364907;0.891677287521242;0.949667062748712;1.00765935493619;1.06564305238677;1.12361765749568;1.18158736154847;1.23955024323734;1.29752942336954;1.35551276900603;1.41345345769951;1.47144463707953;1.5294581229886;1.58742806174306;1.64541450501181;1.70338070770858;1.76134621500159;1.81934516328671;1.87734292974624;1.93532857271136;1.99330704615832;2.05127202129776;2.10925738244538;2.16723252433445;2.22522608693838;2.28318448115311;2.34113324199595;2.39912540075399;2.45711283636755;2.51508403869609;2.5730514350523;2.6310626734793;2.689058487402;2.74701396850853;2.80498365737142;2.86297336029748;2.92096233406024;
0.0799997393480512;0.137982505345742;0.195975478077773;0.253949041524803;0.31190930108496;0.369919092547241;0.427886513392794;0.485849946136459;0.543837143604556;0.601803256210742;0.659764375645269;0.717756576669763;0.775730859778642;0.833702539340416;0.891651076527778;0.94965393163957;1.00767203254371;1.06564415140319;1.12364567883839;1.18162788558626;1.23959766029825;1.29755126685425;1.35550516964734;1.41348249043718;1.4714723321438;1.52944987070474;1.58741170869828;1.64540512652683;1.70338539376524;1.76136920740855;1.81935628848748;1.87734165426705;1.93533516791404;1.99332366829691;2.05127453237607;2.1092532301309;2.16724824557146;2.22520681400243;2.28314520900066;2.34114426060713;2.39913241461542;2.45711019831986;2.51508009575337;2.57307904782185;2.63109010067409;2.68906185195829;2.7470321775321;2.80501106332009;2.86300423056159;2.9209731312616;
0.0799831266851039;0.137971468409157;0.195975072264772;0.253954699380249;0.311931146068401;0.369922049884491;0.427890895940334;0.48586657950371;0.543835876764389;0.601811322526476;0.659779153232009;0.717747820418569;0.775732844450884;0.83370547515824;0.891669221559656;0.949641779984084;1.00764543891975;1.06563543661831;1.1236177454135;1.18161380279749;1.23959494462574;1.29756083667722;1.35553342212485;1.41350360816054;1.47148433274417;1.52945730556076;1.58742413680724;1.64540842468578;1.7034089423978;1.76139365304819;1.81937200051656;1.87733505129986;1.93532390921502;1.99332941431012;2.05130094934975;2.10926253841828;2.16723874537145;2.22520684315025;2.28316594738038;2.34116065604055;2.39916269382235;2.4571267071436;2.51510034134248;2.57308281269487;2.63106692409549;2.68905459144862;2.74704198905481;2.80502086229659;2.86301752749799;2.92099216216831;
0.0799947489992026;0.13797201398157;0.19595788483723;0.253952679563259;0.311938122905693;0.369913646386034;0.427890764395143;0.485868338745556;0.543846691002427;0.601817638990982;0.659780577490094;0.717758896255881;0.775745109778346;0.833719273662828;0.891678268217748;0.949657404153775;1.00765303047294;1.06563156680652;1.12359962236917;1.1815894880166;1.23956343585301;1.29755414634059;1.35554064550541;1.41352283444797;1.471499337459;1.5294734160277;1.5874439561965;1.64541242447884;1.70340138074378;1.76138155355303;1.81936357719848;1.87735061457436;1.93532383781848;1.99330789651526;2.05127911548214;2.10925666818093;2.16724917853813;2.22523892491253;2.28318777097608;2.34117512293227;2.39916867348439;2.45712870449426;2.51512518525472;2.57308717961362;2.63104764643997;2.68903590252841;2.74703423064767;2.80502700765932;2.86301010851156;2.92099307209185;
