1.99215047078649E-05;3.45881582097807E-05;4.88053820235645E-05;6.32258784747375E-05;7.76690412147563E-05;9.1962532686729E-05;0.000106424061780963;0.000121035877603592;0.000135527211337472;0.000149824113565789;0.000164069855743465;0.000178631653133587;0.000192978361771012;0.000207323230496548;0.000221492879621921;0.000235550261920014;0.000249852808233531;0.000264077261174389;0.000278364568577549;0.000293112898604342;0.000307528910193478;0.000321261468005485;0.000335332351362627;0.000349491631681298;0.000363457747038387;0.000377566364715642;0.000391499473374912;0.000405905320468358;0.000419896202803915;0.000433922406351428;0.00044853437270409;0.000461537467816298;0.000475658665723966;0.000489709570503427;0.000503929169331396;0.000518145357967459;0.000532170262948384;0.000545483297557769;0.00055846483598998;0.000572204134408949;0.000586575549306634;0.000600670035637574;0.000614662116618092;0.000628668259865073;0.000642306541023707;0.000655708811075684;0.000669736648831964;0.000684093264258667;0.000697833333581421;0.000712288179374632;
1.99654941752669E-05;3.45253425826364E-05;4.88266359466305E-05;6.3240696511313E-05;7.77641773861415E-05;9.21327559928464E-05;0.000106510677849503;0.000121033980055252;0.000135541103225667;0.000149897813221611;0.000164216691785346;0.000178630119227696;0.000192930495460653;0.000207339346699698;0.000221549490487916;0.000235784355364088;0.000250265214653655;0.000264432747327348;0.000278467523155745;0.00029324891418403;0.000307569580415556;0.000321451008804541;0.000335565310975561;0.000349531839946238;0.000364255627676169;0.00037834461383679;0.000392089190756062;0.000406340970338093;0.000420138353406596;0.000434362698942925;0.000448612876772669;0.000462555431797185;0.00047618626667667;0.000490044675612644;0.00050472992230377;0.000518764363388602;0.000532423359442813;0.000546178882625092;0.000560333301994564;0.000574060322069414;0.000588057003485964;0.000601698700102737;0.00061542776709933;0.000629539200335039;0.000643382817987259;0.000657075029895537;0.000670817493181985;0.000685151321616839;0.00069927455328278;0.000714103895689266;
1.99902378361649E-05;3.44257379185642E-05;4.88536827978336E-05;6.33397123077639E-05;7.77645907619195E-05;9.23760651589944E-05;0.00010663996660254;0.000121039268635492;0.000135473193953461;0.000150180683996082;0.000164553632829079;0.00017857488103068;0.000193161813962561;0.00020745384752352;0.00022183623367622;0.000236287412682334;0.000250901783267699;0.000264931246196198;0.000278648042223439;0.00029360365205644;0.000307946812442728;0.00032165078237778;0.000335564421799717;0.00035022074743285;0.000364899104331462;0.000378676327568161;0.0003930251291131;0.000406964817628808;0.000420323842820203;0.000434996637672214;0.000449198865797307;0.000463326882297554;0.000477242693768476;0.000490760184562511;0.000505452145089347;0.000519271536005839;0.000532639523844303;0.000547262692467854;0.000561794053131504;0.000575213728496671;0.000588981817272405;0.000603120242293365;0.000616976642227485;0.000630437065420431;0.000644266559137741;0.000659068476936753;0.000672045458768089;0.000686032411621351;0.000700937668235646;0.000715442798523647;
2.00203649642905E-05;3.44762021202705E-05;4.89502401757047E-05;6.34539056334482E-05;7.79626309417303E-05;9.25224059129537E-05;0.00010692869331308;0.000121279691502441;0.000135699841494419;0.000150883881129826;0.000165048691854741;0.000178546172545313;0.000193224462457953;0.000207830712866452;0.000222559498652242;0.000236604011489505;0.000250936781045263;0.000265202132235132;0.000279639605256454;0.000294679035311551;0.000308772883197195;0.000322735964501719;0.000336513423062179;0.000350303587778322;0.000364983013015241;0.000379299930386212;0.00039361861451348;0.000407570513476507;0.000421186092061987;0.000435311270480909;0.000449707438318292;0.000463982881877989;0.000477902083291681;0.000491602405883196;0.000506174878708965;0.000520260307101061;0.000533695687697566;0.000547714294754531;0.000562392946899415;0.000575667647270794;0.000589384485883748;0.000604295186397596;0.000618105046732875;0.000632236563599342;0.000646919365373755;0.00066124538618384;0.000674347130183772;0.000688558856370314;0.000703072614194777;0.000717046288559509;
1.99638456788165E-05;3.46283204970543E-05;4.90528636865051E-05;6.36319582369982E-05;7.80984397377171E-05;9.26321043992484E-05;0.000107374502587465;0.000121820128860417;0.000135940542387081;0.000150442589744393;0.000164914549624195;0.000178994634173368;0.000193802645280128;0.000208357962587113;0.000222683346875585;0.000237386487882851;0.000252019933989933;0.000266373073402049;0.000280403768884829;0.000295174573670565;0.000309383781529338;0.000323277047914905;0.000337309875602543;0.000351480139311855;0.000366064151563927;0.000380049678933903;0.000393910450335211;0.0004085548708741;0.0004225883270077;0.000436511779645654;0.000450389598012357;0.000464823449345397;0.000479081458924391;0.000493198706357445;0.000507338710862282;0.000520903750514279;0.000534122815597726;0.000548808617172547;0.000563377202944082;0.000577604892534556;0.000590340554258439;0.000605551154440498;0.000619715517856889;0.000634103745134507;0.000649463268358019;0.000662598301715001;0.000676889470684561;0.000692290125615891;0.000706906305933952;0.000720581719257929;
2.00802972463165E-05;3.47413880708025E-05;4.91511453846183E-05;6.3522059566834E-05;7.81771392142083E-05;9.27774146641802E-05;0.000107456335483702;0.000121879458324203;0.000136488780965283;0.00015073485790873;0.000165154998935435;0.000180153493927637;0.000194593128512;0.000208775088580415;0.000223354150700739;0.00023799390373358;0.000252767761872441;0.000267152748910648;0.00028117190622412;0.000295224665229243;0.000309509031845234;0.000323629383140567;0.000338101587006534;0.000352805932815947;0.000367189172628235;0.000381155556312018;0.000395694916174305;0.00040983497696101;0.000423784339606215;0.000437906769669372;0.000451774951679695;0.000466085981376096;0.000480695695010303;0.00049466447328772;0.000508485942213088;0.000522080316680551;0.000536787533235827;0.000550975158636557;0.000565624576156498;0.000579932671894046;0.00059316487696659;0.000607427286454687;0.000621756643643057;0.000635333091478785;0.000649942295764205;0.000663704413170763;0.000679268027137248;0.000694380652742854;0.00070961082151122;0.000724052983461565;
2.01701543074417E-05;3.47368073720933E-05;4.93115237625297E-05;6.38663662526628E-05;7.83187076676128E-05;9.30935765124374E-05;0.000107684005527187;0.000122288027380124;0.000136873493862932;0.000151216675147503;0.000165862289221552;0.000180645785382127;0.000194900316292324;0.000209130631701915;0.000223810742578934;0.000238372613054039;0.000252873397762698;0.000267326599024953;0.00028155056685808;0.00029617117627101;0.000310468428800448;0.000324813792236922;0.000339623449907567;0.000354090938488927;0.000367810924595036;0.000382184957550713;0.000397150930583123;0.00041133501420676;0.000425160664690338;0.00043964629138582;0.000453729433696815;0.00046795227723706;0.000482214731658104;0.000496653908769851;0.000511098343926264;0.000524297553611053;0.00053959476821408;0.000554136474589573;0.00056702445731549;0.000582026972162364;0.000595921930110155;0.000610116660847648;0.000624470333266736;0.000639360973216263;0.000653660034866554;0.000667513942151476;0.000681400594461756;0.00069663538410758;0.000712498533116168;0.000727765693893101;
2.03000945886433E-05;3.47735787469272E-05;4.94948135376649E-05;6.42272774646901E-05;7.86601768854034E-05;9.33505693234693E-05;0.000108068122051774;0.00012277761449031;0.00013732145096168;0.000151605620922424;0.000166322908748517;0.000181076485163856;0.000195315826001519;0.000209540316403634;0.00022448101237571;0.000239292501969413;0.000253756351191736;0.00026783298800348;0.000282476063997894;0.000297849784034687;0.000312379240442917;0.000326002428976846;0.000340980045065109;0.000355358557853958;0.000368716838178296;0.000383461734661417;0.000397860129027539;0.000411958469011431;0.000426738063470822;0.000441510103594389;0.000455560008304268;0.000469754998085881;0.0004838142215986;0.000498155279877954;0.000512644187625977;0.000526708887237159;0.000541326979594192;0.000555975488792715;0.000569756913718855;0.000583691337585179;0.000598300068554103;0.000612592694613223;0.00062745273596887;0.000642180503007683;0.000657112920069203;0.000671913303635474;0.000684967394700475;0.000700072979879174;0.000715217121431078;0.00073007831858396;
2.03274524193109E-05;3.49068777991679E-05;4.96413424087017E-05;6.42817468627932E-05;7.88978884875835E-05;9.35827947390333E-05;0.000108361628738951;0.000123168942072649;0.000137693518045379;0.000152171303483217;0.000167072214201203;0.000181703417395096;0.000195804958469381;0.000210389644469955;0.000225315206007437;0.000239985865659764;0.000254682938804374;0.000268834121616601;0.000283248017481696;0.000298380885374039;0.000313655568501048;0.000327511810027215;0.00034161453386683;0.000355959677624584;0.000370041256893661;0.000384922489685025;0.00039902690363558;0.000413506028264399;0.000429215950381145;0.000443438963950937;0.000457060443398216;0.000472074858413496;0.000485299176356868;0.000499392179498237;0.000514068900316467;0.00052882720816827;0.000543273608189843;0.000558119107965105;0.000572951277884037;0.000586919274954134;0.000601008653904778;0.000615335709050591;0.000630156349072486;0.000645362638889146;0.00065983707133821;0.000674549527508894;0.000688729720503378;0.000704085920308906;0.000718390269725866;0.00073290682628091;
2.03326590464403E-05;3.49970497615093E-05;4.963969131766E-05;6.43976696381721E-05;7.92356762158164E-05;9.38435953636851E-05;0.000108674136191311;0.000123721383439745;0.000138280248272116;0.000152607370053959;0.000167471303177735;0.000182322481806829;0.000196621725459423;0.000211225130196779;0.000225967495702695;0.000240717969716808;0.000255197419579023;0.000269557453424163;0.000284566712378975;0.000299118267908405;0.000314365507721348;0.000328913677444476;0.000342853635709739;0.00035709502880521;0.000372038145594056;0.00038666745385707;0.000400684811986407;0.000414970534005299;0.000430439925405146;0.000444472229191639;0.000458901632858888;0.000473860348153332;0.000487639921007643;0.000501914515977919;0.00051701762969758;0.00053185370934683;0.000546089995007382;0.000560686776098773;0.000575388597385373;0.000589797129818326;0.000603991360768941;0.000618494191478192;0.000633759587016947;0.000648942315316869;0.000663335945479737;0.000678008215257986;0.000692621001340044;0.00070782065986208;0.000723060353036598;0.000737454058943321;
2.04049096128589E-05;3.50990509945248E-05;4.98452082018375E-05;6.45939267591711E-05;7.94626385731689E-05;9.42523622660119E-05;0.000108960988209006;0.000123936846309958;0.000138798658082639;0.000153408274244038;0.000167999730338431;0.000182710205314462;0.000197417626374929;0.000212009635584987;0.000226454275614074;0.00024122121659742;0.00025585466031619;0.000270955641352932;0.000286083078772537;0.000300888691601831;0.00031562999434831;0.000329922700794461;0.000344299871792408;0.000359302242737725;0.000373935618846799;0.000388322807357566;0.000402591888116532;0.000417136413129127;0.000432011814418543;0.000446831690268157;0.000461783397596616;0.000475524990137588;0.00048916275507338;0.00050412673436484;0.000519509711008226;0.000534906126080426;0.000549058366204225;0.000563450936656995;0.000578017606493564;0.000592608588488197;0.000607644953841024;0.000622047638938916;0.000637104402358979;0.000651931724603649;0.000666197350330133;0.00068148740724272;0.000696157041638834;0.00071133448466032;0.000727693215304193;0.000742267324094659;
2.04886650994052E-05;3.52825115430555E-05;5.02299165472397E-05;6.49898092321965E-05;7.97581705522799E-05;9.46753919688348E-05;0.000109564020549735;0.000124488635171449;0.000139201657928356;0.00015384811905228;0.000168691136890886;0.000183375092763116;0.000198351330792379;0.00021292535269124;0.000227577302559512;0.00024240505468387;0.000257393575650244;0.000272071305123411;0.000287040064380184;0.000301917239625471;0.00031628264549477;0.000330896904987776;0.000346663036331796;0.00036146100881318;0.000375522428117225;0.000389958146585156;0.000404559367290114;0.000418990194105406;0.000433957858141376;0.000449548984931436;0.000463487172500887;0.000477883614901531;0.000492285302852613;0.000506308841875525;0.000521790010162171;0.000537539152231759;0.000551887934801432;0.00056590238149834;0.000580526027588402;0.000595424680222667;0.00061114830790876;0.000626125139760791;0.000640606179272751;0.000654616748691605;0.000670075069271192;0.000685278977240245;0.000700006039053847;0.00071588185671434;0.000731536157263957;0.000746252898326638;
2.05707112288511E-05;3.53977057394594E-05;5.05261774017551E-05;6.54679981131334E-05;8.027325725668E-05;9.50643631469905E-05;0.000110015028070398;0.000124948599474095;0.000139851594503693;0.000154593664794644;0.000169110484940727;0.000184472021646731;0.000199460432259491;0.000213916627045396;0.000228819687824511;0.000244029750525621;0.000259030612756561;0.00027332831244431;0.000288055745753857;0.000303015783875038;0.000317790997634404;0.000333077110045155;0.000348773901113875;0.000363043860035939;0.000377049230145587;0.000392109585472422;0.000406844759099689;0.000421781208335137;0.000435937611549031;0.000450742522249525;0.000464976977932796;0.000480580042386158;0.000495719226668356;0.000509389684908212;0.000524904603635523;0.000540290354379191;0.000554787989000438;0.000569657534744028;0.000584006948753935;0.000598371092177086;0.000613713582803488;0.00062937012241937;0.000643798260193229;0.000658873599833854;0.00067403266035182;0.000689963890833312;0.000704329041644858;0.00072087654257702;0.000735919688781284;0.000750644075329987;
2.07024432343772E-05;3.56731861623771E-05;5.08390630058475E-05;6.57321210000283E-05;8.06835170479303E-05;9.55615086697392E-05;0.000110471600064166;0.000125332943872847;0.00014050789242892;0.000155333068228014;0.000170342752262687;0.000185708212744662;0.000200317248127968;0.000215114077707024;0.000230270153516954;0.000245600101389409;0.000260130049044571;0.00027499322490443;0.000290156693188104;0.000304662291674695;0.000319470360264695;0.000334881348246663;0.00035001348721897;0.00036476975137778;0.000379182717221482;0.000394343158686139;0.000408834953378401;0.00042431966718226;0.000438989200789441;0.000452892003586669;0.000467583862254761;0.000482825143079069;0.000498138289351635;0.000512890328051796;0.000528163032348594;0.000543214828466532;0.00055751708511842;0.000572525165283277;0.000587786863523121;0.000601911567101876;0.000617223930866384;0.000632722520876428;0.000647633399892378;0.000662795160147223;0.000678005118499136;0.000694179927718697;0.000709035848663664;0.000724973443086085;0.000741011976223227;0.000755866454328125;
2.08440475506499E-05;3.57658831116048E-05;5.09920068889613E-05;6.5887996856695E-05;8.10371878761096E-05;9.60300178496354E-05;0.000111071909453697;0.000126272897161828;0.000141312956157824;0.000156210905407295;0.000171359500237611;0.000186102911867603;0.000201052689756565;0.000216230149005514;0.000231688618633208;0.000246466859327499;0.000261180559899765;0.00027643145787315;0.000291274720248813;0.000306203161160257;0.000321102331673595;0.000336461553936518;0.000351586321889474;0.000366497473828442;0.000381433989634639;0.000396307258289319;0.000410776316935424;0.00042649571557174;0.000441941178999983;0.000455510611484078;0.000470090203180673;0.000485872811787802;0.000500877552475965;0.00051607584990121;0.000531463640577101;0.000546314335697407;0.000560450921097022;0.000575007924750182;0.000591106701123056;0.000606808352758836;0.000621693281042557;0.000636899136835734;0.000652431039062318;0.000667138423088076;0.000681942382720457;0.000697605123264111;0.000713817105985726;0.00073011317459093;0.000746490647246745;0.000761458655733627;
2.0928086470029E-05;3.59448008901975E-05;5.11082668541718E-05;6.61235709451535E-05;8.11875826207675E-05;9.62683822565147E-05;0.000111790901729192;0.000126918081172933;0.000141800912216494;0.000157048598862009;0.000172036141468546;0.000186893995010595;0.000202078595766486;0.000217081644136918;0.000232374705021687;0.000247426295309827;0.000262182583870008;0.000277537343826184;0.000292804030513238;0.000307355466883097;0.000322898476888378;0.000338325050901922;0.000353144376005421;0.000367380005654283;0.000383074901340041;0.00039899902935181;0.000413990941616094;0.000429436379874248;0.000444298630691842;0.000459154527332917;0.000473963472625183;0.000488601988976711;0.000503209432235474;0.000517979470837648;0.000534123139820597;0.000549896782925607;0.000564625522286644;0.00057838372570318;0.000595144832598038;0.000611286065856476;0.000626297783512975;0.000641395026445224;0.000656362309205072;0.000671935464722218;0.000687023433926015;0.000702154885896089;0.000718558487440735;0.000735797572288366;0.000751908798247047;0.000766603054806581;
2.10149751904698E-05;3.62193044369796E-05;5.14388926877718E-05;6.65371137724691E-05;8.15376004024149E-05;9.69563753505653E-05;0.000112368828481202;0.000127356414203694;0.00014219906843782;0.000157780545249064;0.000173082007911329;0.000188248720963458;0.000203497204794845;0.000218704464035491;0.000233877395496851;0.000248721922127215;0.000263680306890945;0.000279400898740123;0.000294376982321154;0.000309328891524352;0.000324870105761876;0.000340395566328588;0.000355352952253973;0.000369525704615015;0.000384439082241617;0.000401016553979616;0.000417019627136694;0.000431840177919307;0.000446458799026273;0.000461441370074978;0.000476083481241618;0.000491138261575097;0.000505626561225991;0.000521341391641839;0.000537187351562274;0.000552646252046873;0.000567966418591137;0.000583391351907103;0.0005982580309003;0.000614102433266872;0.000629233791836992;0.000645094605756125;0.000661309913083663;0.000676392258791125;0.000692053242170587;0.000707165448174063;0.000722140955244477;0.000739915592392393;0.000755648249083585;0.000771661175640759;
2.10781482663513E-05;3.63798015616812E-05;5.16324914354716E-05;6.69696750486004E-05;8.21766652454592E-05;9.74027683873224E-05;0.000112708292315578;0.00012784154843537;0.000143214037271022;0.000158690452859878;0.000173684567403409;0.000188983465395309;0.000204674949718209;0.000220284145809324;0.000235524024903788;0.000250628585497958;0.000265408510641496;0.00028081950928649;0.000295731126818799;0.000311030006793001;0.000326914034172399;0.000342831533458821;0.000357636341284051;0.000372568922641481;0.000387750198968861;0.000402918538228825;0.000418622906664279;0.000434402298243874;0.000449318604250459;0.000463561080128683;0.000478976518808238;0.000494782375656921;0.000510191643708691;0.000525265008597842;0.000541386999754145;0.000556079024609968;0.000571426344249115;0.000588073746686124;0.000602430013104449;0.00061810666350226;0.000634317876676338;0.000650147956676062;0.000664991175414187;0.000679783789506949;0.000696539306878741;0.000711902043129875;0.000727024342867644;0.000743734604358171;0.000760264146685063;0.000776297101892087;
2.11681907866801E-05;3.6587450412906E-05;5.19164529739768E-05;6.72337986686866E-05;8.27164297421135E-05;9.80734007860473E-05;0.000113288950714274;0.000128773323148312;0.000144118478971;0.000159506700437295;0.000175016512476311;0.000190252744273089;0.000205327481487827;0.000220931513644329;0.000236914004726918;0.000251826706480274;0.000266859303800882;0.000282025787569307;0.000296774271700162;0.000312705819796255;0.000328752369989749;0.000344069756196497;0.000359546295520374;0.000374912418664275;0.000390755998007197;0.000404935908344006;0.000420226304519211;0.000436664992109925;0.000452227862015153;0.000467366884362441;0.000483397843606292;0.000498362094171201;0.000514482527907978;0.000529484197923535;0.000544818226749122;0.000559990750039319;0.000575872811901412;0.000591204472478069;0.000606350269709566;0.00062286182978033;0.000639547028514542;0.000654255580176066;0.000668470132397569;0.00068504546739856;0.00070133782596038;0.00071717897949064;0.000731948725290366;0.000748575182988542;0.00076524636803299;0.000781836792531188;
2.13771821271358E-05;3.69558756532218E-05;5.2169869177332E-05;6.76763594937846E-05;8.32421179035592E-05;9.86933444031557E-05;0.000114226383175042;0.000129845071091372;0.000145069014043098;0.000160398008633877;0.000176190211935268;0.000191492016221928;0.000206562752714023;0.000222043734616317;0.000237567066053268;0.000252783661728428;0.000268707963041237;0.000283468789163965;0.000298872773151659;0.000314810368576612;0.000330406648020531;0.00034588113078371;0.000361828299500155;0.000377034030493162;0.000392422081821886;0.000407324598240777;0.000423166089218885;0.000438850969700644;0.000454982854951824;0.000470403694118993;0.000486009050647329;0.000501321142054811;0.000516779096845443;0.000532339515597391;0.000547413935934493;0.000563665326872798;0.000579326913894285;0.00059434469236086;0.00061047603358455;0.000625852603585386;0.000642163187656308;0.000659072482700473;0.000674294786726648;0.000689636638605773;0.000706525612461206;0.000721483208880436;0.000737721994604978;0.000754498549470739;0.000770317420478062;0.0007873354000556;
2.14601567070094E-05;3.69151447632277E-05;5.26278428896187E-05;6.82090767520904E-05;8.39867071180667E-05;9.94844077499835E-05;0.000114973964248755;0.000130306080537546;0.000146014334133859;0.000161514141640451;0.000177098814553189;0.000192464491262423;0.00020782242274775;0.000223773217232881;0.000238728011611622;0.000254329762230499;0.000270074736033799;0.000285198151866561;0.000301203104045689;0.000317114175673039;0.000332267493434291;0.000348187977665448;0.000364014386427858;0.00037920503900124;0.00039482918846212;0.000410303971949411;0.000426031022391804;0.000442188984253189;0.00045860186386526;0.000473425750732837;0.000488302575274879;0.000504093607990974;0.000519218970035817;0.000535317444625427;0.000550687371001057;0.000567140351928064;0.000582780431873431;0.000598405900400056;0.000615069455539796;0.00063032560060039;0.00064565754722512;0.000662479076791733;0.000678935610470166;0.000695145284323573;0.000711689175311836;0.000726692811113594;0.000743580911919839;0.000760292622794978;0.000776094313041931;0.000793451027422787;
2.14818071149203E-05;3.71888005332721E-05;5.2924614782679E-05;6.83798078255915E-05;8.43400031946828E-05;0.000100142216203247;0.000115417729493306;0.000130940081423336;0.0001472649211961;0.000163207911107799;0.000178179792418076;0.000193492082412816;0.000209387263298777;0.000225627483166568;0.000240539799196693;0.000256160345651013;0.000271372986309304;0.00028696071561507;0.00030338574507649;0.000319225065231299;0.000334595036706631;0.000350006373154077;0.000366279800042557;0.000381270121123434;0.000397076786106565;0.000413461543663951;0.000429124275280524;0.000445019125747237;0.000460371869569265;0.000475820148988948;0.000491606581774162;0.000507853396568114;0.000523562057012317;0.000539342626736383;0.000555773535597659;0.000571402788514863;0.00058680158398916;0.000602969975433965;0.000619209256224273;0.000635365296205226;0.000651422477979224;0.000666522256915325;0.000683102447436301;0.000700459963841382;0.000716513431969101;0.000732245385184349;0.000748100074671854;0.000765370053764869;0.000781656741386527;0.000797673074629746;
2.16576750475816E-05;3.74612844245004E-05;5.32145036196141E-05;6.89639403486098E-05;8.46148841622263E-05;0.000100609383125949;0.000116344143168634;0.000131981065807363;0.000148178971210444;0.0001639600004959;0.000179192069299283;0.000194864429413077;0.00021100945941499;0.000226550318778385;0.000241941969592929;0.000258009376857493;0.000273321721445008;0.000289294233728921;0.000305108547412836;0.000321216190334761;0.000337128512879037;0.000352565128511007;0.000368260939180853;0.000384012564483394;0.000399504726543931;0.000415749637204588;0.00043206493951109;0.000447815924816464;0.00046253837025545;0.000479182900423814;0.000495869823253114;0.000511720446207065;0.000527054233298907;0.000542666243461998;0.000559723424412795;0.000575839934162214;0.000591159901644822;0.000607417383915898;0.000622992267002687;0.0006397061954031;0.000656738353732589;0.00067214447487185;0.000687489751397763;0.000704535881121515;0.000721324336877771;0.000737249174674215;0.000753261319447862;0.000769895664224585;0.00078715087413439;0.000803285429125999;
2.17995748139632E-05;3.77195247467377E-05;5.35871368898544E-05;6.96298293427766E-05;8.52140720126737E-05;0.000100904010717828;0.000116989541593338;0.000132827371952082;0.000148593041281897;0.000164587973038421;0.000180352475954715;0.000195921679063016;0.000212081459806446;0.000228323436063271;0.000244558119361971;0.000260270301375098;0.000275775703598935;0.000291214483247426;0.00030700875100953;0.000323462045010769;0.000339204056328812;0.000355227417661252;0.000370546330668464;0.000386133699408209;0.000402507755487891;0.000418434299831016;0.000434655473547707;0.000451073862066664;0.00046685261814372;0.000482736469084921;0.000498584855886275;0.000515333757649783;0.000530931571622872;0.00054620886549217;0.000562997106654972;0.000580171821202846;0.000595454990024447;0.000610758102800979;0.000627394511780288;0.000644099722005631;0.00066105769129754;0.000677397715616923;0.000693777425016862;0.000710355982754152;0.00072577157325604;0.000741250844640717;0.000758767992057763;0.000775140798964014;0.000791906026961442;0.000809491367328885;
2.1959106162095E-05;3.7907734477427E-05;5.37817500350091E-05;7.01110784655512E-05;8.58047916820759E-05;0.000101676530312123;0.000117617483623045;0.000133401122398347;0.0001493697937478;0.000165600494825502;0.000181621199071946;0.000197300576161075;0.000212808354740246;0.000229890969565716;0.000247311762128888;0.000262140119285714;0.000277654683885409;0.000293427038046801;0.000309343227586245;0.000325133635056707;0.00034149544076123;0.000358013809638624;0.000373356416700998;0.000388784982023216;0.000405364034409494;0.000421526044092069;0.000437532250963324;0.000453563202993834;0.0004699079608248;0.000486104333988324;0.000501719344651264;0.000518977106171548;0.00053466157253812;0.000550356438522748;0.000566888641436059;0.000583454393438654;0.000599165920357692;0.000615583976518952;0.000632934144659814;0.000648761146007537;0.000664151953315262;0.000681783673770919;0.000700225762032325;0.000715878468826148;0.000730546842420132;0.000746575306188824;0.000764224116536205;0.000781037828827102;0.000797706693187905;0.000814688805442998;
2.2172351936689E-05;3.82774771023886E-05;5.41595535188399E-05;7.02861873353999E-05;8.6393560197795E-05;0.000102650900864365;0.000118470317437946;0.000134040813050351;0.000150166611119218;0.000166369674130862;0.000182478530153185;0.000198242716245023;0.000214489803927242;0.000230920681698832;0.000247775568917863;0.000263326785175821;0.000279586884140537;0.000296076476555385;0.000311557904633331;0.000326782959882754;0.000343550442470031;0.000360553412691367;0.000376027302900539;0.00039128956492962;0.000407690537949978;0.000424269780144648;0.000440446815480167;0.000456224245853898;0.000472779038947824;0.000489582425450497;0.00050556727880946;0.000521578532490352;0.000538048556997905;0.000555301856144386;0.000571247638692984;0.000587308373316997;0.000603525469785815;0.000620690629494103;0.000636889752007264;0.00065219779321124;0.000668271273799093;0.000685702758355333;0.000704536817796253;0.000721258938680691;0.000736825419330955;0.0007523348505587;0.000768910946264967;0.000786844763479344;0.000804470652200795;0.000821830897526965;
2.21108983002871E-05;3.84979471628188E-05;5.46843663580265E-05;7.07951695739784E-05;8.72018133131203E-05;0.00010310933793356;0.000119056857859512;0.000135285615982861;0.000151013578200909;0.000167272892312886;0.000183875602716155;0.000199840451916344;0.000215910696135246;0.000232134518844629;0.000248837215742426;0.000264975817158009;0.000281187360023916;0.000297346791864772;0.000312850148706856;0.000329277723634336;0.000346088382169318;0.000362575843495083;0.000378739598397404;0.000394448416167537;0.000410166507753384;0.000426882177670951;0.00044326950322171;0.000459678937459129;0.000476378893185636;0.000493118388164238;0.000509675998542569;0.000525412568759487;0.000541298072495255;0.000558309932751744;0.000575190833641326;0.00059174955360497;0.000607960475270453;0.00062494574682681;0.000641694615111987;0.000657897960312681;0.00067470463875452;0.000692186851116272;0.000708755109724457;0.000725434334563513;0.000741760625559973;0.000758061745751881;0.000775333330885974;0.000792924006641549;0.000810019851587018;0.000827953936224812;
2.21170421228489E-05;3.85296280234204E-05;5.49911878546805E-05;7.13284818227855E-05;8.75126566453055E-05;0.000103588000331056;0.000119749215346188;0.000136369903229072;0.000152469317040382;0.000168398656565705;0.000184812805208878;0.000201210865754198;0.00021735764889419;0.000233677933923149;0.00025035825802544;0.000266501694968446;0.000282337133766353;0.000298969670565752;0.000314980416593613;0.000331426526037681;0.000348338883181532;0.00036500780280968;0.000381454238906898;0.000397457381836164;0.000413545016628047;0.000429854164133658;0.000446193895235369;0.00046286831219633;0.000479492600672149;0.000495870313344415;0.000513135202993897;0.000530084267044151;0.00054518938185244;0.000561108468633664;0.000577946665194506;0.000594899627573309;0.000612441659280094;0.000628826279288841;0.000645765155387057;0.000662684667410041;0.000679714554163713;0.000697514057419468;0.000713674518178387;0.000729448706856761;0.000745754809239774;0.000763730293024789;0.000781377911816428;0.000798017046007793;0.00081504353197559;0.000832885337622713;
2.22964808911374E-05;3.88520378640234E-05;5.54991520362869E-05;7.18758565143585E-05;8.79759177776496E-05;0.000104158730239057;0.000120627900339176;0.000136958263140752;0.000153200545474852;0.000169623378947104;0.000186204799452638;0.000202468747161233;0.00021876868269155;0.000235118392359457;0.000251225933488808;0.000268099465631444;0.000284280769623058;0.000301008304259387;0.000317653606026536;0.000333891328901492;0.000350741879332261;0.000367120913393526;0.000383254299846092;0.000399434537654786;0.000416081681676062;0.000432666518317859;0.000449311060693347;0.000465963564293848;0.000482130777813117;0.000498878304684647;0.000515581555267097;0.000532814645663349;0.00054911950965697;0.000565454632152518;0.000582395974146888;0.000599752735261472;0.000617393250853304;0.000633035727228393;0.000649895921083221;0.000667017628266819;0.000683649386280738;0.000702290816414486;0.000718599511947193;0.000734316427458914;0.000751821144345577;0.000769061278187877;0.000786229530787885;0.000804818515335537;0.000821519489569766;0.000838174645815926;
2.26626497927818E-05;3.91218756417011E-05;5.56946204914865E-05;7.22473489056519E-05;8.84016769671092E-05;0.000104629695407032;0.000121423038348389;0.000137767204778427;0.000154140849761064;0.00017074589713495;0.000187490026634318;0.000204198899183661;0.000220542468008955;0.000237140248702805;0.00025391647263362;0.000269839456326748;0.00028647105363766;0.000303317220967436;0.000320077894413462;0.000336374190983424;0.000353142767774095;0.000370446458742402;0.000385987795741061;0.000401919391234573;0.000419154506855479;0.000435672302805612;0.000452259671727573;0.000469296799284757;0.000485029445668861;0.000502308884643199;0.000519539099821387;0.000535809683651189;0.000552961773821581;0.000570152138655855;0.00058764710342496;0.000603826484072201;0.000620900152930481;0.000637824037024171;0.000654696450957726;0.000672043945533218;0.000689052963026793;0.000707112694493972;0.000723411262834261;0.000739600539268803;0.000758014249510275;0.000775241721188369;0.000791521144515972;0.000810254355544604;0.000828008155643545;0.000844168820116842;
2.27594236383855E-05;3.91910823862585E-05;5.58172873903473E-05;7.25095118814245E-05;8.8900086899546E-05;0.000105654596245452;0.000122135128789447;0.000138739948356115;0.00015542239728128;0.000171923933548257;0.000188565899696957;0.000205087880477683;0.000221637612571546;0.000238323624644043;0.000255736884311908;0.000271969085852808;0.00028827003609444;0.000305074811030259;0.000321926007276874;0.000338273461833793;0.000355234300465357;0.000372504820245201;0.000388885119330107;0.000405161521247255;0.00042243720041224;0.000439152972360413;0.000455728871630035;0.00047219857433789;0.000488419276599483;0.000506808672911196;0.000523501745404609;0.000539292269042591;0.000558075408267689;0.000574823297203153;0.000592174186405003;0.000608746706345809;0.000625059321852195;0.000642036222886055;0.000659232481137195;0.00067692294529742;0.00069405493638719;0.000710665747442274;0.000728847303690383;0.000745963434599428;0.000762600724740103;0.000781492258539185;0.000797937845470109;0.000814847105932603;0.000832559234662966;0.000849066950241006;
2.28345930559648E-05;3.95007970921402E-05;5.63068071584016E-05;7.29309766951403E-05;8.96556387215419E-05;0.000106600216850383;0.000123139591564847;0.00013935090146755;0.000156110994350089;0.000172807288775334;0.000189470310529738;0.000205984146004257;0.000222956176582745;0.000239702393687535;0.000256698903082442;0.000273530414510503;0.000290490279419187;0.000306818778277318;0.00032336741049388;0.000340350643556864;0.000357443001407498;0.000374233336240204;0.000391014932788813;0.000407625919711219;0.000424514766714124;0.000442059856911037;0.0004594295148177;0.000475873667311388;0.000493007423122638;0.000510552594582547;0.000526861610742557;0.000543246468775349;0.000560259224280824;0.00057755724994446;0.000595640967676392;0.00061386950072162;0.00062939261256334;0.000645963353959722;0.000664222596737929;0.000680903241256914;0.00069845622926934;0.000716499319104891;0.000733856873099015;0.000750776158843003;0.00076794308393513;0.00078700012139965;0.000803857396267205;0.000820202222317157;0.000838291607319519;0.000855965366527656;
2.30188184795477E-05;4.00109778857516E-05;5.69069617777362E-05;7.32419185085487E-05;8.99187752680941E-05;0.0001068948609384;0.000123838264285192;0.000140477918472159;0.000157422036981214;0.000173991530595274;0.000190910766526553;0.000207817906577867;0.000224516567003841;0.000241596927043064;0.000258407131852656;0.000275075223251098;0.000292290976262821;0.000308767759960915;0.000324878736399414;0.000342304119340442;0.000359259243455812;0.000376756575787063;0.000393398136504297;0.000410588645666898;0.000427279332355202;0.000444662061520606;0.00046267353216578;0.000479042437586008;0.000495687451782523;0.000513148332232483;0.000530027856830095;0.000546772266113882;0.000562650695232314;0.000581300918934824;0.000598800222687323;0.000616117748919898;0.000632641749550356;0.00065038513486515;0.00066928265628885;0.00068606736406096;0.000703016149299796;0.000721850781046474;0.000738869793832642;0.0007556044432242;0.0007727000061859;0.000791914044260267;0.000809765210123992;0.000825541675557595;0.000844223090988194;0.000862367982111145;
2.34356352761811E-05;4.03267629693893E-05;5.70747299331043E-05;7.36402506107403E-05;9.05433315907533E-05;0.000107394475393763;0.00012440898376509;0.000141562805260342;0.000158403235117288;0.000175044752420805;0.000192016670816808;0.000209060341509915;0.000225908159283472;0.000242991658334746;0.00025974121679162;0.000276711992109879;0.000293822171032909;0.000310570599463489;0.000327437425053478;0.000344688413746574;0.000362065701648762;0.000379177376625961;0.000395805659171078;0.000413249702044149;0.000430048464971078;0.000447338245935791;0.000464935736239847;0.000481137171195467;0.000498558517469716;0.000515772264722658;0.000532782896951467;0.000550614446110487;0.00056703500379629;0.000585052225945626;0.000603664962405048;0.000621147995070626;0.000637523280764718;0.000654765887064812;0.000672599922795669;0.000690143787177799;0.000707808028853396;0.000726214209524567;0.000743303228139425;0.000760497008073902;0.00077878908804907;0.00079707524590944;0.000814892056594463;0.000831972209917708;0.00085080365759227;0.000868492156259393;
2.35014303027192E-05;4.04326255754039E-05;5.72175332185232E-05;7.44270522012869E-05;9.13481549529305E-05;0.000108226319482929;0.000125116265922154;0.000142153566651482;0.00015894370369518;0.000176057162937671;0.000193244562377792;0.00021001516346697;0.000227033160345336;0.000244370909422753;0.00026139998065744;0.000278808780740603;0.000295686829218322;0.000312452317727585;0.000329824154648106;0.000347323873098659;0.000365230344334;0.000381542592413187;0.000398440631590224;0.000415738201001936;0.000432723820316339;0.000451040749857023;0.000468772605114687;0.000484832928047796;0.000502600375259732;0.000519857480698827;0.00053711816989277;0.000554486469942272;0.000570769271069027;0.000589160311290193;0.000608140990522532;0.000625042200056658;0.000641110926880906;0.000659588537259115;0.000677341457328229;0.000694878369036811;0.000712991881465008;0.000730336358108374;0.000748340881152387;0.00076622610678756;0.000783073413730406;0.000801637301115932;0.000821413637334345;0.000839072295556242;0.000855780387261085;0.000873524585262686;
2.36407221518853E-05;4.07236955830559E-05;5.80024597753859E-05;7.50423992905702E-05;9.15837994084345E-05;0.000108695628269873;0.000125638651062854;0.000143005049469958;0.000160127013932976;0.000177386115089884;0.000194890202883879;0.000211412466198935;0.000228275410806611;0.000245817739062626;0.000262750585197757;0.000280886168006478;0.000297959460154207;0.00031425514155603;0.000332053964467116;0.000349130735195491;0.000366372279073879;0.000383765745015197;0.000401312059366221;0.000417902104286716;0.000435361375812793;0.000455762711620178;0.000472932164689244;0.000487915814201934;0.000505773074206628;0.000522962713326525;0.000540538105352928;0.000557958072411546;0.00057499784450421;0.000593358321032911;0.000611396983625667;0.000628638499187151;0.000646232360326238;0.000664578702652463;0.000682465904793705;0.000700046946060517;0.000717739579798149;0.0007352905379161;0.000753242821628586;0.000772335009047609;0.000789031711485588;0.000806391157041286;0.000827145666855156;0.00084487648682563;0.000860636206674759;0.000879071095227779;
2.3619871382996E-05;4.04785163534704E-05;5.79139585792365E-05;7.53472061696403E-05;9.17967223019733E-05;0.000109254497886901;0.000126347566830054;0.000143542131389784;0.00016087729537384;0.000178396297121464;0.000196190035380295;0.000212728536839069;0.000229505613893455;0.000247142260087374;0.000264433871335568;0.000282025874797864;0.000300109626879541;0.000316825345193061;0.000334186001263559;0.000350986476900239;0.000367649460088604;0.000385955386074333;0.000403741268881541;0.000420711012251829;0.000437821559361673;0.000456719362162072;0.00047503185991804;0.000491266857888029;0.000507960471005653;0.00052533907440333;0.000543525881765428;0.000561459579868195;0.000579593585922744;0.000597435217348341;0.000616148184905185;0.000632979070899875;0.000650958623654496;0.000668782697688997;0.000685698713423832;0.00070504732654042;0.000722812057869948;0.000739437640443263;0.000756870941732934;0.000776700758164939;0.000795195293640028;0.000812260587325753;0.00083037695587862;0.000850328160173053;0.000868263113712686;0.00088507184744735;
2.36948198892861E-05;4.07411909242317E-05;5.82254638366031E-05;7.55446848679231E-05;9.28033574569831E-05;0.000109891616735691;0.000127362547873044;0.000144361785316516;0.000161944765320055;0.00017971281609952;0.000197008909705754;0.000214169035674172;0.000231148378677659;0.000248168717028374;0.000266129880991839;0.000283666805698801;0.00030102530749021;0.000318334574533008;0.000335641679780618;0.00035299556688817;0.00037003678566494;0.000387942167790145;0.000405975261802638;0.000423702442432283;0.000440886978295918;0.000458451040558527;0.000476738211605987;0.000493807453321393;0.000511012591275506;0.000528857585130105;0.000547278836130483;0.000566051539625301;0.00058315121278496;0.00060038952026864;0.000619118286057319;0.000637000708337165;0.000654342525154394;0.000671826332411474;0.000690024804846701;0.000709672901271219;0.000727894469030765;0.000744398525687195;0.000762544527646014;0.00078133356325516;0.000799592366585777;0.000817819869725067;0.000834781392675232;0.000855129976331526;0.000873031187141216;0.000890335287186517;
2.40010994354556E-05;4.11834771203434E-05;5.84816946278544E-05;7.59317968568318E-05;9.36323413971429E-05;0.000110815010585519;0.000128110934946468;0.000145588621238035;0.000163180640723404;0.00018052935707602;0.000197743138593665;0.000215026632110371;0.000232529023759809;0.000249637580006401;0.000266845556749495;0.000284657390713261;0.000302087302991083;0.000319513627444756;0.000337382317795232;0.0003549570301562;0.000372365475616698;0.000390291307271751;0.000408338552726928;0.000426193615656878;0.000443912031758975;0.00046161370423925;0.000479623156980802;0.000496614851724697;0.000514744639668274;0.000533487171215707;0.000550493328379975;0.000568005206388111;0.000586288979175231;0.000604575168015042;0.000622278517352193;0.000639439340648806;0.000658660335072891;0.000676730225141586;0.000694675640223963;0.00071352234655464;0.000731494259694099;0.000749541435138834;0.000767981394994344;0.000786728484060362;0.000804122961199027;0.000822615934941151;0.000840510690713892;0.000859106778452468;0.000877536615154106;0.000896033780926953;
2.42379040980012E-05;4.13071204010684E-05;5.89113878843861E-05;7.6456349024534E-05;9.38699334314119E-05;0.000111576552190185;0.000128827220768901;0.000146382593448457;0.000163982339050461;0.000180939661887924;0.000198653174482089;0.000216194402447245;0.000233417848302997;0.000250826532674719;0.000268591563922338;0.000285717144354769;0.000303673180751751;0.00032131754554543;0.000339031624781327;0.000357359368463372;0.000375135424278472;0.000392613263653363;0.000410289499417793;0.000428971984641757;0.000446441215560478;0.00046478028658159;0.000482036510852879;0.000499170727460641;0.000517815872139948;0.000536394527542949;0.000554006832634624;0.000570499458401708;0.000589232499510262;0.000608309380773608;0.000626365186512601;0.000643149104297525;0.000662430207047926;0.000681973723511753;0.000698831809215594;0.000716105898904473;0.000735879056495747;0.000753686305472012;0.000772029166255628;0.000791887735710262;0.000809564338935864;0.000828957031627553;0.00084736795881124;0.000864846624642368;0.000883305898443876;0.000901128362329917;
2.40307405789952E-05;4.1591059191104E-05;5.92182133984931E-05;7.68918614195702E-05;9.45390469164753E-05;0.000111907521681776;0.000129460021806027;0.000147241310384905;0.000164873112768027;0.000182110477917163;0.000200082237164612;0.000217388440702404;0.000234643780988364;0.000252643562529076;0.000270532130792756;0.000288058426029969;0.000305755917311634;0.000323312770601492;0.00034059139643472;0.000358778832465934;0.000376676222463734;0.000394165354121734;0.000412223976309134;0.000431070547660228;0.000448997480334556;0.000466484800327738;0.000483764286999477;0.000502391692513315;0.000521475475253386;0.000539119720226022;0.000556508156331903;0.00057516885897102;0.000593459493135384;0.000611769047086819;0.000630048704385544;0.000648182190861935;0.000666191412149075;0.000685486453293027;0.000703437746297553;0.000721694403516437;0.000741382068419671;0.000758708025782262;0.000778047907514789;0.000796816960969338;0.000813759620224452;0.000834780851137307;0.000854574403879038;0.000870993568472755;0.00088962355808464;0.000907217042748876;
2.41938671041719E-05;4.17520925648507E-05;5.94023761266715E-05;7.71241036983117E-05;9.49804612275784E-05;0.000112624914833992;0.000130105982193873;0.000148191619814053;0.000165415916143608;0.000182666481220561;0.000200508942641675;0.000218543004087635;0.000236845135385688;0.000254620968897834;0.000271814430485851;0.000289545003022362;0.000307397161849909;0.000325418499260044;0.000342699313570227;0.00036040907249113;0.000378961090389041;0.000396551873584228;0.000414768680190081;0.000432788053604583;0.000451428477263205;0.00046971609825941;0.000487033575440776;0.000504769886976231;0.00052384876738043;0.000542250993524895;0.000560254139603478;0.000579379563239613;0.000597058336235357;0.000615121164312837;0.000633511080956328;0.000652393787781591;0.000669546728337522;0.000687781187592496;0.000707625423332026;0.000726653402989719;0.000743962150230093;0.000764550144316534;0.000783281230085198;0.000800431504965005;0.00081787166231484;0.000838226126157693;0.000858839261471012;0.000877310778281792;0.000895568415700154;0.000914174006120039;
2.4385783832237E-05;4.23302190257768E-05;5.98919636032313E-05;7.72887463531546E-05;9.53761989339608E-05;0.000113233683299852;0.000130706491292543;0.000148210719030484;0.000165989213713802;0.000183586163906568;0.000200810557447917;0.000219140692380382;0.000237664208050159;0.000255192802281368;0.000273130571939117;0.000291372065934103;0.000309349964598304;0.000327322611284764;0.000344828527832908;0.000363147942655573;0.000381368964170514;0.000399350555420286;0.00041775626645757;0.000435424315193611;0.000453430694061563;0.000472932099643497;0.000491183092401259;0.000507746357240491;0.000525339449080509;0.000544681961339055;0.000564405948837887;0.000582438387902062;0.000599633352805107;0.000618438658151366;0.000637385220953135;0.000656122174650609;0.000673445332628919;0.000692511217608605;0.000711395958586714;0.000729403472725654;0.000748106509532942;0.000767765978390234;0.00078723680985604;0.000806159986935118;0.000823504935682617;0.000843108541219717;0.000863118244576633;0.000882597428728094;0.000900101583685142;0.000920019013837869;
2.43848628387333E-05;4.25648367738951E-05;6.02249665375698E-05;7.73826763011964E-05;9.56043946096496E-05;0.000113895560836408;0.000131514468317828;0.000148552594384954;0.000166774551452975;0.000184685242162641;0.000202619451345698;0.000220733281794394;0.000237998461540934;0.000255881763889798;0.000274499530512284;0.00029359076236446;0.000311101748513121;0.000328930088745238;0.000346561436404436;0.000364720679108199;0.000382867058238423;0.000401269320365216;0.000419192197876672;0.000437593247161416;0.000456106398231126;0.000474928751950765;0.000493237652542167;0.000510710534666226;0.000528419887914522;0.000547878296324189;0.000567076669580668;0.000584894607262854;0.000603289829560483;0.000621959221433155;0.000640916038246786;0.000660802046586362;0.000678406534316611;0.000697032015717802;0.000716673193055239;0.000734540076675838;0.000753064039969775;0.000771890059009461;0.00079246798652477;0.0008111736349381;0.000829030621680715;0.000848182934196196;0.000867748363376997;0.000887137418721817;0.000904609234211318;0.000924335527604292;
2.49485222167944E-05;4.25243227979433E-05;6.01400338648972E-05;7.80396277504369E-05;9.61147782534422E-05;0.000114087988958511;0.000132330903551692;0.000149656607527637;0.000167545478711895;0.000185226977207797;0.00020413690715726;0.000221714133662343;0.000238630348292301;0.000257478506084707;0.000275554229614894;0.000294269061597463;0.000312710679409411;0.000330229234250634;0.000348091903043635;0.000366168167072578;0.000384504375411154;0.000402537051001461;0.000421123711865645;0.000440143606392995;0.000458252492994138;0.000476157792088872;0.000495181380250065;0.000513779081027232;0.000531496017398769;0.00055085868061866;0.000570528881733035;0.000587897636244339;0.000606522589603919;0.000625585683520224;0.00064479291252395;0.000664292617087003;0.000682404261184821;0.000701515363635608;0.000722057886115124;0.000738757543423674;0.000756683798888602;0.000776596093944093;0.000797081987482517;0.000815962733167641;0.000833934689028037;0.000852971371864797;0.0008737353791477;0.000893397465034695;0.000910212733793436;0.000929407616387934;
2.48646531935126E-05;4.23685109993688E-05;6.0233757463779E-05;7.87586665984552E-05;9.66997019811178E-05;0.000114263677440052;0.000132422633343454;0.000150618552008375;0.000168135054615437;0.000185829707423646;0.00020414943579794;0.000222191354105394;0.000240268875643435;0.000258772283002751;0.000276760991957725;0.000294979926440564;0.00031327330604336;0.000331643618658228;0.00035014551751944;0.000368262560342281;0.000386873811607513;0.000404916627008367;0.000423038472167292;0.000441964482931878;0.000460090805315394;0.000478263686519043;0.00049760453279224;0.000516651739210561;0.000534921068240823;0.000553855409756165;0.000572622519046107;0.000590777893811012;0.000609473946310723;0.000628875294583331;0.000647540886640652;0.000667179057329825;0.000685946696218132;0.000706049430753808;0.000725240105597713;0.000742666710742412;0.000762185357574996;0.000781397917005044;0.000801228258788811;0.000820986498833332;0.000839390781477434;0.000856933889686218;0.000878373043909697;0.000899348403549993;0.000917163415305122;0.000936286448307566;
2.46700894501739E-05;4.25455248720397E-05;6.06687988189414E-05;7.87596538376345E-05;9.6593460979566E-05;0.000114529662294194;0.000132543177288946;0.000150759828881464;0.000168772278796636;0.00018655670200074;0.000204947893618801;0.000223331012704331;0.000240808124989611;0.000259472847098374;0.000278439196849001;0.000296270930099207;0.000314311856752791;0.000333096019990542;0.000351458214009615;0.000370067857030199;0.000388818212547326;0.000406484344151803;0.000424520493849778;0.000443598252533262;0.000462195105145335;0.000480589786179042;0.000499230283868224;0.000517821278357866;0.000537533337966689;0.000556474474765478;0.00057481481182986;0.000593235834208006;0.000612003124912608;0.000632278814813425;0.000651499128635713;0.000670467169950673;0.000689099851528319;0.000708446764549731;0.000727487231245938;0.000747067205109975;0.000766383147483118;0.000786638411597984;0.00080566032838858;0.00082498508685358;0.000844839334669167;0.000861437410743626;0.000881110448862632;0.000902706302799317;0.000922282201254454;0.00094113598300849;
2.4831095496447E-05;4.28717867704265E-05;6.11055455421727E-05;7.92733315337912E-05;9.70455450202135E-05;0.000114863920843478;0.000133106171492647;0.00015108000721642;0.000169266206144214;0.000187323898830027;0.000205762655133279;0.00022434432345142;0.000241987849591285;0.000259810227906665;0.000278926271994107;0.000296901847138376;0.00031493323638121;0.000333755948688674;0.000352490268053396;0.000371192632983242;0.000389530266331262;0.000407835784639543;0.000426659232122706;0.000445489076022376;0.000463762665909861;0.000482315728968619;0.000501005339788252;0.000519905834494017;0.000539370501183578;0.000558294549550364;0.00057773574889608;0.000596571504330567;0.000614937944009686;0.000634477782117004;0.000653988732099542;0.00067263334317591;0.00069215328868566;0.00071166980732329;0.0007318712014035;0.000751612666810786;0.000770889234417371;0.000791226080870455;0.0008096533064057;0.000828543920154079;0.00084837168912788;0.000867052188144424;0.000887484538306005;0.000907186267213422;0.000925824073628512;0.00094552182892027;
2.4687482101049E-05;4.27652763970165E-05;6.1272724105832E-05;7.93412733191001E-05;9.73000429675963E-05;0.000115209969425711;0.000133179151304175;0.000151519928873078;0.000169845206279162;0.000188198027317732;0.000206277373470676;0.000224710999105371;0.000243252821088724;0.000261408861621404;0.000279628641609464;0.00029796633407464;0.000316451148842933;0.000334712949027871;0.000353740927713009;0.000372282857201256;0.000390803305588605;0.000409786354617525;0.0004286643876803;0.000447093647352848;0.000465393622594901;0.000484435828181029;0.000503057001480123;0.000522186172573047;0.000541831519792701;0.000560866979171459;0.000580336191333242;0.000600159954865509;0.000618345136739196;0.000636630475783218;0.000656485008548202;0.000677021951416723;0.000696410256944446;0.0007157833599436;0.0007355873018704;0.000755378048068245;0.000774787191817783;0.000795789878551556;0.000813903756887502;0.00083253933989047;0.000852650544980182;0.000872758045725952;0.00089366495947818;0.000913363311627169;0.000931972566532657;0.000952129836240712;
