-1.00792919959236E-05;-9.31221386091252E-06;-9.72778347541059E-06;-1.01792407165568E-05;-1.01297083410223E-05;-1.00734660875013E-05;-1.01667625227453E-05;-1.01709738746791E-05;-1.02209287864419E-05;-1.01441549753556E-05;-1.02262346806103E-05;-1.02725863768693E-05;-1.02400081483101E-05;-1.02072011971543E-05;-1.00966540448333E-05;-1.01666103959897E-05;-1.01638314822239E-05;-1.01370962153347E-05;-1.0260928344108E-05;-1.03811834082368E-05;-1.0342638586458E-05;-1.0291001632412E-05;-1.03314092911866E-05;-1.05873268667622E-05;-1.06925759542076E-05;-1.02386679448063E-05;-1.02461449604796E-05;-1.05079100323202E-05;-1.08550443580491E-05;-1.06682847160755E-05;-1.07065768359949E-05;-1.07269699578527E-05;-1.07484435862837E-05;-1.12904706952577E-05;-1.16002000789539E-05;-1.16785158190691E-05;-1.17302463205071E-05;-1.16358981259168E-05;-1.19533961928653E-05;-1.183247116332E-05;-1.17916829709408E-05;-1.27309056985325E-05;-1.33963524366898E-05;-1.35802825595999E-05;-1.37500569317162E-05;-1.40749695907161E-05;-1.45748624662545E-05;-1.45200288577119E-05;-1.529328176475E-05;-1.64448362631742E-05;
-1.54457628425142E-05;-1.56742577195335E-05;-1.47681091722252E-05;-1.5542334087737E-05;-1.55699725230551E-05;-1.55223550653005E-05;-1.55310255485208E-05;-1.54402414449528E-05;-1.55529708072422E-05;-1.55998986459682E-05;-1.55886386532522E-05;-1.60161538715897E-05;-1.56177305374872E-05;-1.56510315938441E-05;-1.55126877536826E-05;-1.5623656148378E-05;-1.55226101057337E-05;-1.54043902191869E-05;-1.55126443268649E-05;-1.59710257654488E-05;-1.59039748421907E-05;-1.57716161564014E-05;-1.60529174357826E-05;-1.60519383733959E-05;-1.61491069847752E-05;-1.6036149534715E-05;-1.57442180752643E-05;-1.59299841178129E-05;-1.63760567963855E-05;-1.66981900990848E-05;-1.64760418202015E-05;-1.67958119472456E-05;-1.68363156709539E-05;-1.72014418395872E-05;-1.75335738072935E-05;-1.75474776027418E-05;-1.73003875045818E-05;-1.75586817119378E-05;-1.81175725231242E-05;-1.82867804512377E-05;-1.89868200421994E-05;-1.94154594745921E-05;-1.99712196129465E-05;-2.05674657594024E-05;-2.15945590524846E-05;-2.18182478461948E-05;-2.18150797206551E-05;-2.25172130723372E-05;-2.36923200391814E-05;-2.54269809392138E-05;
-2.08624179991457E-05;-2.07718527229783E-05;-2.00461378043748E-05;-2.07861364747153E-05;-2.0900538277191E-05;-2.0973197198737E-05;-2.0926336409488E-05;-2.08642977370666E-05;-2.0974579004962E-05;-2.08966951780187E-05;-2.08836483475139E-05;-2.08328574191619E-05;-2.06529021657964E-05;-2.0915430762658E-05;-2.12766378036022E-05;-2.11038147464038E-05;-2.0829128572375E-05;-2.09984093704207E-05;-2.11536357479503E-05;-2.1451197054434E-05;-2.15153785125821E-05;-2.13902339538663E-05;-2.11999497214954E-05;-2.14177861934672E-05;-2.19556226255246E-05;-2.18553044066816E-05;-2.17780501250431E-05;-2.20501738894541E-05;-2.24652550049331E-05;-2.28282907148714E-05;-2.28065820548906E-05;-2.2991328560984E-05;-2.3027861503655E-05;-2.32455999402692E-05;-2.35730873969775E-05;-2.35667018513297E-05;-2.3544541768894E-05;-2.44501395836316E-05;-2.48455797375868E-05;-2.45561313960696E-05;-2.54249520443839E-05;-2.61069050067064E-05;-2.69125922640612E-05;-2.76056333852193E-05;-2.9054491138325E-05;-2.96454892205755E-05;-2.91782927726025E-05;-3.10009147519441E-05;-3.27455825539502E-05;-3.40755188970032E-05;
-2.6162595463175E-05;-2.62239415558252E-05;-2.61917434773995E-05;-2.61188832240133E-05;-2.61539589148096E-05;-2.62701792959064E-05;-2.62006371611889E-05;-2.62371444201825E-05;-2.63455265157031E-05;-2.63179992892049E-05;-2.62854497887766E-05;-2.62893056146574E-05;-2.59844098375872E-05;-2.59895642416019E-05;-2.62997672566545E-05;-2.66072817693974E-05;-2.65577682485585E-05;-2.64559321203617E-05;-2.68573040176356E-05;-2.6920548497289E-05;-2.69563951436069E-05;-2.70682201795047E-05;-2.69880059637906E-05;-2.68657568098796E-05;-2.71923158376985E-05;-2.76967377645931E-05;-2.76230944260547E-05;-2.7812391517168E-05;-2.81888557034371E-05;-2.8515101807125E-05;-2.8586570063327E-05;-2.89649274902715E-05;-2.93050137458728E-05;-2.96964991053361E-05;-2.98427116711686E-05;-2.99617702508304E-05;-3.00724222621618E-05;-3.11648547499654E-05;-3.15869884985887E-05;-3.18350853409921E-05;-3.22090923849938E-05;-3.28782885079537E-05;-3.41629709730285E-05;-3.4508940866651E-05;-3.61641680428626E-05;-3.77909226505491E-05;-3.7555238570075E-05;-4.01383483226159E-05;-4.1989408300358E-05;-4.34063308016874E-05;
-3.15799019463547E-05;-3.17400994638284E-05;-3.17427125939851E-05;-3.16602278531697E-05;-3.16121749870391E-05;-3.16279477545756E-05;-3.15604919616241E-05;-3.16962830699818E-05;-3.17411707007054E-05;-3.17581157227576E-05;-3.16750405457977E-05;-3.1726904111018E-05;-3.16291717117334E-05;-3.18838616779615E-05;-3.18187981522833E-05;-3.20715226791446E-05;-3.21770757660822E-05;-3.19004268174439E-05;-3.19922032772091E-05;-3.23573894560614E-05;-3.21919269918869E-05;-3.24560308768707E-05;-3.30639333643301E-05;-3.26507110910423E-05;-3.24064209149544E-05;-3.31269446918192E-05;-3.3048802201785E-05;-3.34796736389809E-05;-3.39354897931354E-05;-3.42274597089354E-05;-3.48231914735209E-05;-3.49229066300971E-05;-3.48311140110358E-05;-3.5644943155777E-05;-3.62587734896724E-05;-3.6382130332413E-05;-3.61921896119277E-05;-3.6986686019036E-05;-3.80899636207577E-05;-3.88713740357982E-05;-3.9196414704179E-05;-4.04767899733205E-05;-4.12007751278143E-05;-4.19675495131333E-05;-4.40493649032092E-05;-4.50785996748415E-05;-4.53873310160002E-05;-4.82185345527242E-05;-5.01762812112894E-05;-5.19800087008804E-05;
-3.70699131782004E-05;-3.71587915595217E-05;-3.71603670319409E-05;-3.69628481431405E-05;-3.71590898140539E-05;-3.66506688413981E-05;-3.70948252579328E-05;-3.72766883367515E-05;-3.72149760634599E-05;-3.71881879295266E-05;-3.73425541753125E-05;-3.74065119084221E-05;-3.72599797671125E-05;-3.74868362928993E-05;-3.74987415867611E-05;-3.74820121620267E-05;-3.76304093665514E-05;-3.76650304785286E-05;-3.76021470092081E-05;-3.80432858941848E-05;-3.80434412201591E-05;-3.80734187837017E-05;-3.84630246457185E-05;-3.84369824344422E-05;-3.8775257685808E-05;-3.89768021740178E-05;-3.90813812367607E-05;-3.92514536109445E-05;-3.96504180684154E-05;-4.01217714320889E-05;-4.08015091253322E-05;-4.10940736483845E-05;-4.07528599419837E-05;-4.10852341348189E-05;-4.22796265739933E-05;-4.30057208269385E-05;-4.28103886278564E-05;-4.28690160427792E-05;-4.41955087111534E-05;-4.57668280016144E-05;-4.66870597930491E-05;-4.71431679645029E-05;-4.80988883562183E-05;-4.94335543537172E-05;-5.09686063716597E-05;-5.21820566030673E-05;-5.40876641359489E-05;-5.59852912764836E-05;-5.79388230586009E-05;-6.04527486018913E-05;
-4.23625767875802E-05;-4.24086896251286E-05;-4.24072718470114E-05;-4.25732772677545E-05;-4.28940754586549E-05;-4.17816799749282E-05;-4.19113226479695E-05;-4.26036074965275E-05;-4.26458389068962E-05;-4.26917106592928E-05;-4.30186170421454E-05;-4.27015840598344E-05;-4.26071478172307E-05;-4.29574663916021E-05;-4.31851462514565E-05;-4.3238030806414E-05;-4.37288145263004E-05;-4.32433199737403E-05;-4.32648492392218E-05;-4.35254657908946E-05;-4.41264065933478E-05;-4.38930425725736E-05;-4.39150721034398E-05;-4.43127276736899E-05;-4.47177413263056E-05;-4.44966104686806E-05;-4.49869732381813E-05;-4.54582781417301E-05;-4.53198976377855E-05;-4.57106568991783E-05;-4.63800680787774E-05;-4.67020466423662E-05;-4.68860428592954E-05;-4.76395880733005E-05;-4.81958056273157E-05;-4.87263324260301E-05;-4.94324633550924E-05;-5.0337020437663E-05;-5.12756212471821E-05;-5.24127479371028E-05;-5.35913766526175E-05;-5.42890934429607E-05;-5.48094930061804E-05;-5.6907445158183E-05;-5.87367896422997E-05;-6.0078064074931E-05;-6.18215901664332E-05;-6.40687845903098E-05;-6.606020984945E-05;-6.90623399739465E-05;
-4.75215392258255E-05;-4.79299141643574E-05;-4.79787970484313E-05;-4.80064348111764E-05;-4.79657188615645E-05;-4.83106660277288E-05;-4.80383622347702E-05;-4.79110019405704E-05;-4.80559253627222E-05;-4.81109660153134E-05;-4.84157664023543E-05;-4.83321222527477E-05;-4.82889349040505E-05;-4.83003423744632E-05;-4.84658377567504E-05;-4.8456605477365E-05;-4.85653558973675E-05;-4.89946574022682E-05;-4.88394588507024E-05;-4.89835667809579E-05;-4.93178439435749E-05;-4.92893768756497E-05;-4.9717594975407E-05;-4.99688340345195E-05;-4.99835613704258E-05;-4.99785145070542E-05;-5.06065862397875E-05;-5.16836738967408E-05;-5.16920928115283E-05;-5.13112463254028E-05;-5.19851064633148E-05;-5.24732207595191E-05;-5.34065986509402E-05;-5.36419199934635E-05;-5.42438791868438E-05;-5.48199019410056E-05;-5.61271343976211E-05;-5.72229330038088E-05;-5.82377817801571E-05;-5.97226947921525E-05;-6.02190204112008E-05;-6.16113441150867E-05;-6.26715853668802E-05;-6.4348222717503E-05;-6.6018668138712E-05;-6.76969394036719E-05;-7.00757603989688E-05;-7.21710100229922E-05;-7.49375291659859E-05;-7.802915956312E-05;
-5.39813559442548E-05;-5.35161283392593E-05;-5.33803686870726E-05;-5.33672469507085E-05;-5.34846507046494E-05;-5.38723165695032E-05;-5.37321936407986E-05;-5.34637384587144E-05;-5.35093404513409E-05;-5.38445275615196E-05;-5.36826409709423E-05;-5.36581218527621E-05;-5.36065660795559E-05;-5.38795738511677E-05;-5.40847643565323E-05;-5.41910908996579E-05;-5.36177692573858E-05;-5.45577873046765E-05;-5.46083036486733E-05;-5.44896215662893E-05;-5.49738768268471E-05;-5.49947637766834E-05;-5.50955453855195E-05;-5.56027403604276E-05;-5.58735457277804E-05;-5.5972470828447E-05;-5.62657456334437E-05;-5.69504359620998E-05;-5.72416482909066E-05;-5.72847084602257E-05;-5.81098886104359E-05;-5.90095734426255E-05;-5.93786398699336E-05;-5.98714181200277E-05;-6.02338161802551E-05;-6.13187883988786E-05;-6.2701153423439E-05;-6.38207976753069E-05;-6.46918401122631E-05;-6.59544957751779E-05;-6.64700924951633E-05;-6.75378885375277E-05;-6.94784472998755E-05;-7.15278319158852E-05;-7.36444762230448E-05;-7.55826287685002E-05;-7.80486491164245E-05;-8.02263614263499E-05;-8.30156494088241E-05;-8.66066263789378E-05;
-5.89003627715634E-05;-5.89061900460042E-05;-5.88320949247434E-05;-5.95919450272486E-05;-5.90897890956343E-05;-5.91704362116197E-05;-5.89657657237286E-05;-5.88854452401311E-05;-5.9168813654864E-05;-5.9507502575884E-05;-5.93302634092074E-05;-5.91319484715136E-05;-5.91731914363347E-05;-5.92962552623533E-05;-5.96358247642037E-05;-5.99175822126874E-05;-6.00434379171011E-05;-6.01079670176086E-05;-6.02999879287802E-05;-6.02538303952072E-05;-6.05713595426272E-05;-6.1117028581581E-05;-6.08075840737854E-05;-6.08580002369186E-05;-6.15381581189345E-05;-6.19792604443781E-05;-6.22746969783927E-05;-6.21836845366985E-05;-6.26068199232055E-05;-6.31749157139483E-05;-6.42743915827415E-05;-6.50574083238542E-05;-6.5720952497017E-05;-6.61823465361033E-05;-6.65949194333937E-05;-6.83970966758318E-05;-6.98155157080604E-05;-7.05067027335637E-05;-7.12448456241521E-05;-7.25578770466306E-05;-7.37774532336699E-05;-7.41431051893837E-05;-7.71505807181105E-05;-7.87310226864069E-05;-8.10718483875705E-05;-8.31900560053223E-05;-8.57887432860194E-05;-8.86919442262268E-05;-9.14767488694457E-05;-9.47045944984515E-05;
-6.44536838630971E-05;-6.45743279391597E-05;-6.45888020261998E-05;-6.43941922098268E-05;-6.41474506745121E-05;-6.46720052025485E-05;-6.44860278281589E-05;-6.45807456938208E-05;-6.48883126979083E-05;-6.49462892795549E-05;-6.48679226461502E-05;-6.5101734195161E-05;-6.51930758515107E-05;-6.51427402327265E-05;-6.50363832481737E-05;-6.54254449312663E-05;-6.5796834492704E-05;-6.56317368232795E-05;-6.56677600164857E-05;-6.62713638428514E-05;-6.70874268022814E-05;-6.73039707610457E-05;-6.59702740287704E-05;-6.66992864416516E-05;-6.73238148156674E-05;-6.7760367794989E-05;-6.84343383756669E-05;-6.86981214117477E-05;-6.89732298271295E-05;-6.9633865176888E-05;-7.04495995322851E-05;-7.1678944770448E-05;-7.23624853216087E-05;-7.25351403479957E-05;-7.350067263312E-05;-7.50409147205477E-05;-7.68941969609971E-05;-7.70617070036117E-05;-7.78732344062227E-05;-7.96653301666783E-05;-8.17398150475546E-05;-8.24433821010606E-05;-8.43983253691061E-05;-8.62046032454877E-05;-8.8348373905256E-05;-9.10479394653496E-05;-9.37125097676406E-05;-9.68865944772634E-05;-0.000100206486823851;-0.000103513632247032;
-7.01216697898133E-05;-7.03859426054443E-05;-7.03520694134152E-05;-6.95545170454892E-05;-7.03735278075879E-05;-7.02652628090661E-05;-7.03368947739813E-05;-7.0277538284369E-05;-7.0353797838596E-05;-7.04052000680688E-05;-7.04632501492553E-05;-7.11888925533088E-05;-7.0874663954501E-05;-7.07458371919101E-05;-7.08538842076889E-05;-7.11524941742203E-05;-7.14995954693709E-05;-7.11508693232998E-05;-7.1334441844817E-05;-7.23174247820868E-05;-7.23128641051396E-05;-7.23231267184543E-05;-7.23660593823228E-05;-7.28295918195343E-05;-7.36565502125197E-05;-7.39679142995886E-05;-7.45183304762254E-05;-7.53791371540524E-05;-7.55914826110482E-05;-7.63400500098932E-05;-7.70442222762791E-05;-7.79819235470214E-05;-7.8289223580108E-05;-7.94453026017328E-05;-8.02626607392387E-05;-8.11133672606879E-05;-8.25727864049997E-05;-8.3202513262659E-05;-8.45954985200237E-05;-8.64779830910267E-05;-8.88744241202E-05;-9.04382300253026E-05;-9.19834112785844E-05;-9.32755547932151E-05;-9.5641012339609E-05;-9.86805452247719E-05;-0.000101774596896642;-0.000105144953497893;-0.000108428846630537;-0.000111989193027795;
-7.56123150346122E-05;-7.64105274527749E-05;-7.5850416673684E-05;-7.59143167802234E-05;-7.60607748063746E-05;-7.60773307718621E-05;-7.60778174979659E-05;-7.6064651985619E-05;-7.60721675875375E-05;-7.61745462630747E-05;-7.6109068274488E-05;-7.67274399134932E-05;-7.68168737517172E-05;-7.68285959626969E-05;-7.67338657227112E-05;-7.68825272753348E-05;-7.71590911745612E-05;-7.71152282167398E-05;-7.72617211811655E-05;-7.79301663106358E-05;-7.80497963296378E-05;-7.82314895910741E-05;-7.81059710699417E-05;-7.88918495383539E-05;-7.9759974924265E-05;-8.00138560205221E-05;-8.05667555966449E-05;-8.11869231355233E-05;-8.15264672736626E-05;-8.22656784477127E-05;-8.30485558236393E-05;-8.41459941153255E-05;-8.43266028983658E-05;-8.54466101172235E-05;-8.66514794177764E-05;-8.77222737044603E-05;-8.8615412952131E-05;-9.05370523230919E-05;-9.18597188358516E-05;-9.42277249854628E-05;-9.57642974905859E-05;-9.75400878964194E-05;-9.8709767514249E-05;-0.000101176130581804;-0.000103299759322106;-0.000106244533089828;-0.000109196093728614;-0.000112470963106848;-0.000116131908646011;-0.000120212680461584;
-8.14298360268806E-05;-8.15305012550338E-05;-8.24693833131329E-05;-8.15371494805595E-05;-8.18009481049486E-05;-8.1722697445219E-05;-8.1748857380548E-05;-8.19349580186701E-05;-8.18741230431685E-05;-8.2038511721727E-05;-8.22284386529093E-05;-8.1729044745571E-05;-8.23551051079008E-05;-8.25425071306896E-05;-8.23893454307001E-05;-8.26498760734262E-05;-8.28632817116981E-05;-8.31873987809928E-05;-8.35534960031969E-05;-8.37363095422816E-05;-8.39823885363522E-05;-8.39419311158274E-05;-8.44153629047106E-05;-8.48684137848554E-05;-8.53094343248317E-05;-8.60005647664863E-05;-8.63948793252689E-05;-8.71918753273526E-05;-8.78251651664774E-05;-8.83356529639556E-05;-8.92382189491281E-05;-9.03129769336264E-05;-9.12774281501827E-05;-9.0901658132081E-05;-9.27288791482406E-05;-9.50416537190968E-05;-9.61700594613868E-05;-9.72343531732145E-05;-9.88507827535123E-05;-0.000100900749878008;-0.000102848132944811;-0.000105257150844751;-0.000105482880300878;-0.000109054950699905;-0.000112320614107597;-0.000113991787063616;-0.000117280418011512;-0.000120366006170936;-0.000124337442949041;-0.000129061681052756;
-8.72615722107284E-05;-8.73894413364606E-05;-8.80555455070597E-05;-8.73797625373651E-05;-8.74961356044368E-05;-8.75504468451638E-05;-8.75795454636785E-05;-8.763045118243E-05;-8.75042208092758E-05;-8.74669688289975E-05;-8.79909807105506E-05;-8.79685707646516E-05;-8.83700246113728E-05;-8.84362299538033E-05;-8.82159689449269E-05;-8.88423621918655E-05;-8.91329182202139E-05;-8.91461470573507E-05;-8.93102353717312E-05;-8.97391830472216E-05;-9.02451924235104E-05;-9.04454847405756E-05;-9.06454081803787E-05;-9.06990795842555E-05;-9.11058573692669E-05;-9.21833021660934E-05;-9.24921029962222E-05;-9.32693422918129E-05;-9.39359888055824E-05;-9.48325457457155E-05;-9.59596970739884E-05;-9.652729773868E-05;-9.73083569403288E-05;-9.86004806975416E-05;-9.97176077403017E-05;-0.0001008214000352;-0.000102108175902837;-0.000103392346779474;-0.000104727596853649;-0.000107068876237126;-0.000109889266748819;-0.000112052509496974;-0.000113724837040308;-0.000116874499573205;-0.000121000773888325;-0.000122837646653218;-0.000125513095966201;-0.000128783632590723;-0.000132819727526767;-0.000137832051049558;
-9.31283100326086E-05;-9.30861736102573E-05;-9.32910802258213E-05;-9.32535999899065E-05;-9.31960124515019E-05;-9.33315402371626E-05;-9.35721459247585E-05;-9.36424396542623E-05;-9.36275662235531E-05;-9.37243629354212E-05;-9.36736698271545E-05;-9.38711807243475E-05;-9.415146621361E-05;-9.4296602277999E-05;-9.44120250191416E-05;-9.46720256637112E-05;-9.50084745593438E-05;-9.51623234275445E-05;-9.5444098651476E-05;-9.5732755097E-05;-9.59727289301382E-05;-9.6440241442064E-05;-9.6477236330994E-05;-9.68470687499057E-05;-9.7535481654365E-05;-9.82423646812558E-05;-9.90271924030672E-05;-9.94966238399009E-05;-0.000100298531671261;-0.00010123273683682;-0.000101960755397479;-0.000102617337738642;-0.000104067774601035;-0.000105436709850193;-0.000106280333218689;-0.000107160698189834;-0.000108560450921558;-0.000109904516827131;-0.00011206808653208;-0.000114640922948661;-0.00011681774635941;-0.000118181489433988;-0.000121014340278003;-0.000123818086865679;-0.00012787212691634;-0.000130814330374207;-0.000133897122914894;-0.000137371600848368;-0.000141814957403064;-0.000146315912371686;
-9.89266581987724E-05;-9.89579066059676E-05;-9.92540482220861E-05;-9.91802030354538E-05;-9.88892425388688E-05;-9.91016794080757E-05;-9.94589469089924E-05;-9.94430578189487E-05;-9.9662745149498E-05;-9.96637027947944E-05;-9.95790659266138E-05;-9.99099502718703E-05;-9.99527957843416E-05;-0.000100079415849441;-0.000100308719509279;-0.000100508110234543;-0.00010073332722027;-0.000101132773155266;-0.000101675500113529;-0.000101826139712768;-0.000102010645512962;-0.00010251793373417;-0.000102916931369768;-0.000103359361848243;-0.000104054572214407;-0.000104774163143029;-0.000105294533609745;-0.000105820760471609;-0.000106809899394822;-0.000107393383256049;-0.000107963242611087;-0.000109207871819894;-0.000110742186495649;-0.000111782977429087;-0.000113148355031178;-0.00011425789182784;-0.0001156028489675;-0.000117736370586874;-0.00011945570341787;-0.000121965404060509;-0.000124053909174249;-0.000125824501791438;-0.000128119351276768;-0.000131310203762558;-0.000134871720981256;-0.000138882952665176;-0.000141763127018413;-0.00014548507466694;-0.000150263331618383;-0.000154541785112761;
-0.000104753581510852;-0.000104897299367801;-0.00010498313356555;-0.000104914532851552;-0.000104946316011212;-0.000105064866040783;-0.000105188237772502;-0.000105336498241293;-0.000105598454639644;-0.000105524598250861;-0.000105656422973555;-0.000106057885573829;-0.000105940205839206;-0.00010579722463766;-0.000105984544959359;-0.000106321377977281;-0.000106760393463468;-0.000107266304208764;-0.000107593936152339;-0.000107759472288249;-0.000108089118236565;-0.000108859580718157;-0.000109056405890762;-0.000109239165121844;-0.00011042669469119;-0.000111496138230027;-0.000111501641814726;-0.000111790946706991;-0.000112858141206873;-0.000113139164145348;-0.000114595076566859;-0.000116001921464104;-0.000117145985714107;-0.000118400416240894;-0.000119512149200141;-0.000121072931886568;-0.000122939314004977;-0.000124984155279062;-0.000126697022191369;-0.000129036175021913;-0.000131431600234988;-0.000133675513946496;-0.000136352556254327;-0.000139106255521604;-0.000142753742726098;-0.000146605922335841;-0.000149437551696385;-0.00015346113114445;-0.000157966905517615;-0.000162827963260614;
-0.000110865625621237;-0.000111025117807362;-0.000110858057641217;-0.000110894080476598;-0.000111321858564661;-0.00011136780758747;-0.000111165938041724;-0.000111269562876437;-0.000111352899689443;-0.000111476987233239;-0.000111473193191491;-0.00011171502486107;-0.000112197204523934;-0.000111908513807935;-0.000112078245562808;-0.000112641143939163;-0.000112959486863407;-0.000113159572556976;-0.000113293189909935;-0.000113785808406597;-0.000114410770388318;-0.000114934304645598;-0.00011503108282418;-0.00011587957941539;-0.000116529453568326;-0.00011661844755495;-0.000116743972029099;-0.000118223472185264;-0.000119406730431759;-0.00012031053663808;-0.000121944038728117;-0.000122945592012202;-0.000123760671974615;-0.000125159146103115;-0.000126414561474331;-0.000128638567453265;-0.000130455406776697;-0.000132025215398235;-0.000134102992434881;-0.000136272271908933;-0.000138379000431899;-0.000140968776262351;-0.000143859884167208;-0.000146568302597849;-0.00015041607051125;-0.000154048742591284;-0.000157679987063508;-0.00016180627072071;-0.000165820430260588;-0.000170770360196082;
-0.000117074574917497;-0.000117089545096594;-0.0001168353457488;-0.000117035313759173;-0.000117279118630353;-0.000117567398158158;-0.000117438579136042;-0.00011728776880271;-0.000117255196402377;-0.000117467147718431;-0.000117513123948143;-0.000117483024787424;-0.000117763072276622;-0.00011806986870222;-0.000118530643725689;-0.000118669988332876;-0.000119095604592445;-0.000119481171390934;-0.000119894075444993;-0.000120122031266989;-0.000120670645019638;-0.00012081276876974;-0.000121853593337384;-0.000123020212753788;-0.000122658259092079;-0.000122456538925064;-0.000123791126122264;-0.000124836881769452;-0.000126540574633349;-0.000127469928740576;-0.000128437859586494;-0.00012998967669664;-0.000130916118175284;-0.000132465650992009;-0.000134100512417135;-0.000135803531823964;-0.000137217688559454;-0.000138797356496134;-0.000141201816159509;-0.000142739460709418;-0.000144901491831773;-0.000147554676028783;-0.000150829096535743;-0.000153991226794048;-0.000158404489457808;-0.000162387553759302;-0.000166034791203584;-0.000170171082533477;-0.000173873591216234;-0.000178915969706761;
-0.000122993590587095;-0.000123628536883746;-0.000123050611959385;-0.000123054735570394;-0.000123115720404021;-0.00012335148697229;-0.000123524929593444;-0.000123418822867816;-0.000123250048032597;-0.00012371769720354;-0.000123818238640494;-0.000123564013104982;-0.000123389640972027;-0.000124315353221105;-0.00012465997524802;-0.000124889902117786;-0.00012532869866777;-0.000125706819256832;-0.00012614169423153;-0.000126698724769891;-0.000127308947735383;-0.000127186899521847;-0.00012736464273555;-0.000128733928676183;-0.000129318430371894;-0.000129499302082614;-0.000130625104528992;-0.000131549108568496;-0.000132656171552004;-0.000133917769008729;-0.000134963722031367;-0.000135682635164613;-0.000137023041882234;-0.000139518746383516;-0.000140949831837212;-0.000142505582932051;-0.000143938975563973;-0.000145964621524497;-0.000148295987722147;-0.000150339644044095;-0.000152389354171723;-0.000155633602648475;-0.000157976560181794;-0.000161647953703881;-0.000164996106980952;-0.000169825470187623;-0.00017396708360895;-0.000178020660299927;-0.000182434519695684;-0.000187249003864132;
-0.000128937428979903;-0.000129069759086997;-0.000129164762587175;-0.000129261015153759;-0.000129358019526737;-0.000129435926590427;-0.000129642243031691;-0.000129482464911179;-0.000129570209924879;-0.000129868642630315;-0.000130079567259633;-0.00013021045646866;-0.000130365389888309;-0.000130796494116847;-0.000131056218569681;-0.000131131930602546;-0.000131666066019553;-0.000132317686312167;-0.000132524023980229;-0.000133193839783052;-0.000133849207340386;-0.000133983975875163;-0.000134253358168301;-0.000134893031251915;-0.000135819598754194;-0.000136502281346429;-0.000137197452160231;-0.000137903369108461;-0.000139219415729031;-0.000140380428413911;-0.000141862314570806;-0.000142443866895103;-0.000143883562633951;-0.00014575893456148;-0.000148198589143611;-0.000150210860850875;-0.000151347053263251;-0.000153233932864039;-0.000155345437108156;-0.000158290837168895;-0.000161083226176917;-0.000164487859906304;-0.000166750800301152;-0.000169190222957027;-0.000173228412217785;-0.000176894362112101;-0.000180856537679741;-0.000185224090817337;-0.000190264111772587;-0.000195148212714713;
-0.000135165458774233;-0.000135253315264316;-0.00013530819792229;-0.000135441551149418;-0.000135357064807051;-0.000135570122467232;-0.000135931152926094;-0.000135939490729875;-0.00013575903861196;-0.000136139473248642;-0.000136585108853504;-0.000136979130211268;-0.000137365351267515;-0.000137385822594593;-0.00013736465994918;-0.000137748091356249;-0.000137909299805727;-0.000138864492702062;-0.00013933819187395;-0.000139471181326511;-0.000139650987642126;-0.000140220131962465;-0.000141452822042032;-0.000141534778620667;-0.000141719170615229;-0.000143189643149189;-0.000144137596189031;-0.000144812978856823;-0.000145709909268543;-0.00014731291151282;-0.00014855998086416;-0.000150042046641152;-0.000151447269542304;-0.000152688568171744;-0.000155040181600841;-0.000156726836361143;-0.00015848096164417;-0.000160676007905813;-0.000162878814272904;-0.00016593630404893;-0.000168819592876845;-0.0001712826872875;-0.000174236365225067;-0.000177960295122848;-0.000182062336664846;-0.000184969193887996;-0.000188458178701501;-0.000193194323885981;-0.000198084986256397;-0.00020328013799098;
-0.000141637038350906;-0.000141485871050895;-0.000141522540514138;-0.000141759390886786;-0.000141551033666198;-0.000141538355898918;-0.000141889787155902;-0.000142110682277652;-0.000141858875372325;-0.00014221791735114;-0.000142835625120519;-0.000142869576173599;-0.000143023298439182;-0.000143515315017551;-0.000143888740125275;-0.000144163721611301;-0.000144157077374807;-0.000144396767392863;-0.00014541132957735;-0.000145689190719667;-0.000145992277271745;-0.000146826969024572;-0.00014733678829737;-0.000147608290133272;-0.00014853419070171;-0.000149847892748856;-0.000150593589482328;-0.000151631638370064;-0.000152750756583719;-0.000154240180079368;-0.000155308394840459;-0.000156875714213189;-0.000158367856369912;-0.00015925053732424;-0.000161481831488786;-0.000163423906353266;-0.000165182359905591;-0.000167847970858892;-0.000171232923167786;-0.000173292639219058;-0.000175608057201515;-0.000177766607743601;-0.000181227078567714;-0.000185587624665695;-0.000189643342861201;-0.000193190537627341;-0.000197483660604902;-0.000202191276465147;-0.000206099377113578;-0.000210955902558485;
-0.000148095915103674;-0.000148055180572593;-0.000147877264034646;-0.000147859435669195;-0.000147990397745046;-0.000148207720496174;-0.000147869237679732;-0.000148321760973236;-0.000148561707457917;-0.000148772897268445;-0.000148923119718702;-0.000149209948138607;-0.000149672688959157;-0.000150235431858547;-0.000150616118060221;-0.000150502048054779;-0.000150447047762681;-0.000151089891374134;-0.000151742577094494;-0.000152389295546618;-0.000152948348791426;-0.000153279800415573;-0.000153691939060119;-0.000154552092321403;-0.000155398641434212;-0.000156294201690832;-0.000156575480712018;-0.000158381985516876;-0.00016008758351993;-0.000161256664205744;-0.000162695384438472;-0.000164030848420094;-0.000165143649398125;-0.00016685731137267;-0.000168440260341018;-0.00017097085100648;-0.00017247177390689;-0.000175098762994708;-0.000178659213736498;-0.000180677726050904;-0.000182890532878233;-0.000186123443244313;-0.000189252689960506;-0.000192897150743443;-0.000196454871440155;-0.00020104291190215;-0.000205495570710035;-0.000210367339445572;-0.000214724828316193;-0.000219386955689904;
-0.000154240061114752;-0.000154256908992956;-0.000154489478298991;-0.000154367737540406;-0.000154593243310019;-0.000154737308110997;-0.000154551438059425;-0.000154889288167315;-0.000155067024923294;-0.000154769465693816;-0.000155317048783354;-0.000155672167697851;-0.000155929670003552;-0.000156595712232699;-0.00015672496463992;-0.000156851641348821;-0.000157281944194176;-0.000158389215993759;-0.000158613920758555;-0.000158775463336536;-0.000159373438744836;-0.000159729134349362;-0.000160694637729719;-0.000161423801786409;-0.000162135935235952;-0.000162748000960278;-0.000164102405759481;-0.000165550274964898;-0.000166849476278319;-0.00016793372254198;-0.000169494601666376;-0.000171260123410066;-0.000172362184365227;-0.000174288208541595;-0.000175709199320417;-0.00017808341583625;-0.000180373407374868;-0.000182412613654481;-0.000185234673360402;-0.00018802729209888;-0.00019053591543905;-0.000193704096312031;-0.000197283621763855;-0.000200142795004687;-0.000204299092565918;-0.000208869928698396;-0.000212783945398254;-0.000217489391104886;-0.000222673667946038;-0.00022790176359222;
-0.000160838413018727;-0.000160762637559486;-0.000161152307745382;-0.000161303451818418;-0.000161464916279552;-0.000161369685891977;-0.000161272896644471;-0.000161561769662866;-0.000161542639699475;-0.00016130769550915;-0.000161811769398001;-0.000162321120820819;-0.000162250746214232;-0.000162769167674659;-0.000163343587160192;-0.000163410276209142;-0.000163862605071952;-0.000164623011876142;-0.000165015442261662;-0.000165343055036793;-0.000166093674808021;-0.000166701453099938;-0.000167419147213188;-0.00016817081195164;-0.000169301329196792;-0.000170222144622256;-0.000171421970611707;-0.000172781321021498;-0.000173733019868783;-0.000174918064497653;-0.000176513817439217;-0.000178092518707818;-0.000179477542527673;-0.00018119325034549;-0.000182977853715682;-0.000185461567519862;-0.000187683755956236;-0.000189919903364144;-0.000192614744638497;-0.000195245563429536;-0.000197872105776709;-0.000200877962025503;-0.000204991283828893;-0.000208633113801815;-0.000212621004763935;-0.000216718535528848;-0.000220632184273928;-0.000225381678168768;-0.000230849356211982;-0.00023643480425628;
-0.000167523050846219;-0.000167229984906481;-0.000167519167792118;-0.000167582471929606;-0.000167750884242368;-0.000167936113166123;-0.000167965186700147;-0.000168167010010212;-0.000168539575762017;-0.000168361953925;-0.000168638086346817;-0.000168928211851327;-0.000169077770766135;-0.000169257331780859;-0.000169994283359287;-0.00017009291813852;-0.000170703551040541;-0.000170871966005848;-0.000171427434451088;-0.000172370335604688;-0.00017320696530887;-0.000173557516660594;-0.000174394551739621;-0.0001755604581688;-0.000176574384809669;-0.000176989531277982;-0.000177870792516632;-0.00017956649166595;-0.000180526726263786;-0.000181707057636871;-0.000182981822769879;-0.000184149706382142;-0.000186418580296888;-0.000187587440641623;-0.000189991072958584;-0.000192895829925543;-0.000195145500099692;-0.000197662382127817;-0.000200001917243675;-0.000202679772412617;-0.000205728629104396;-0.000208833119261342;-0.000212264577424959;-0.000216194198546793;-0.000220509520191259;-0.000223977452173507;-0.000228490157909045;-0.000233649983474082;-0.000239332702662409;-0.000244382694878587;
-0.000173823745142965;-0.00017367988769057;-0.000173981595092076;-0.000174009628056471;-0.000173713024014033;-0.000174412198193696;-0.000174525117694113;-0.000174765034487878;-0.000175068958009783;-0.000175079655909682;-0.000175469806296347;-0.000175685828321059;-0.000175568732047271;-0.000175999205261235;-0.000176702982575661;-0.000177105289224988;-0.000177249839975913;-0.00017756245876499;-0.000178380775635478;-0.000179173272818689;-0.000179887592107741;-0.00018061534565228;-0.000181076449054851;-0.00018197800713593;-0.000183275569034747;-0.000183475445550529;-0.000184739182613747;-0.000186783902200727;-0.000187324814172385;-0.000188442273696188;-0.000190388609884629;-0.000191790790612822;-0.000193616321118251;-0.000195424198789818;-0.000197197463475129;-0.000200075753069129;-0.000202199437281836;-0.000205254759289453;-0.000207088943911637;-0.000210170694100009;-0.000213767719319913;-0.000216838413560794;-0.000219935640650037;-0.000223791732870016;-0.000228195009862153;-0.00023244128167299;-0.000236473564897643;-0.000241883946763943;-0.0002472033226113;-0.000252384616547863;
-0.000180662648521013;-0.000180978872776905;-0.000181170085914895;-0.000180668444832;-0.000181012711353734;-0.000181671687064844;-0.000181630306347547;-0.00018165123337166;-0.000181617849378091;-0.000181931498539623;-0.000182414711488832;-0.000182970753750844;-0.000182561251177216;-0.000182720741604747;-0.00018367081958659;-0.000184190742002155;-0.00018437904056845;-0.000184618375112411;-0.000185691934165177;-0.000185740504891729;-0.000186881058341859;-0.000188354134089908;-0.0001883120615922;-0.000188221129208577;-0.000189469682217558;-0.000190598430918287;-0.000192264462667069;-0.000194122344678416;-0.00019442924494939;-0.000195068402396803;-0.000197596486209095;-0.000199530126882452;-0.000201266359109775;-0.00020326748205024;-0.000205604797587799;-0.000208038991264869;-0.000210326398546457;-0.000213184322460203;-0.000215153212190344;-0.000216815402240389;-0.000221125096264485;-0.000225517105739259;-0.000228553708447876;-0.000232129769630607;-0.000235759271952851;-0.000240139386425087;-0.000244830422245546;-0.000249727777333675;-0.000255093166773745;-0.000260399619660845;
-0.000187443912966323;-0.000187605582695927;-0.000187561129986413;-0.000187782372118805;-0.000188314347485008;-0.000187750472630199;-0.000188001478260036;-0.000187792492338579;-0.000188347382779952;-0.000188571234913892;-0.000188858055713892;-0.000189723313812395;-0.000190739545780083;-0.000190316137889335;-0.0001892694278256;-0.000190834953009977;-0.000191888211558355;-0.00019179335991315;-0.000192209409888511;-0.000192874849422875;-0.000193416320211082;-0.000194745955057973;-0.00019533715444231;-0.000195727302686688;-0.000196437685006323;-0.000197937996737174;-0.000199401254221243;-0.000200744524390783;-0.000201351569379948;-0.000203194239277948;-0.000205006703632327;-0.000206916115284672;-0.00020816611403407;-0.000210455780540464;-0.000213520671137557;-0.000215280191799838;-0.000217656878579664;-0.000220100981376259;-0.000222842701263604;-0.00022532396733066;-0.000228046042078711;-0.000232760621919015;-0.000236582273899666;-0.000240020401438779;-0.000243453127359405;-0.000248529729460323;-0.000251561173453263;-0.000256786931283948;-0.000262871571232504;-0.000268542160957619;
-0.000194369109776105;-0.000194230716804578;-0.000193947121222893;-0.000194250904660853;-0.000194818658002749;-0.000194804460843079;-0.000194834287145618;-0.00019477023493697;-0.000195172158879098;-0.000195200621367242;-0.000195534735170533;-0.000196266882389828;-0.00019703033828411;-0.000197123020733381;-0.000196994942530448;-0.000197501741387329;-0.000198270648192445;-0.000198967167498454;-0.000199446962415584;-0.000199978918907107;-0.000200469014706828;-0.000201266258802679;-0.000202125613512516;-0.000203120603682105;-0.000203840934850374;-0.000204579213503697;-0.000206213614831752;-0.000207307731781459;-0.000208878187399675;-0.000210850647920591;-0.000212386762868055;-0.000214169162127575;-0.000215916690705198;-0.000217904971879568;-0.000220400880529548;-0.000222340834906687;-0.000225234831022547;-0.00022708546347916;-0.000230131871128858;-0.000233184578179779;-0.000236396005150574;-0.000239888770720009;-0.000244399964390185;-0.000247846348030878;-0.000251864219842357;-0.000256561082775608;-0.000259803426442495;-0.000264452657072756;-0.000270799800352162;-0.000275646543189012;
-0.000201354487018746;-0.000201446544068729;-0.000201217205467508;-0.000201208737520941;-0.000201162911151576;-0.000201619167568889;-0.000201967349273247;-0.000202252433034289;-0.000201881951007454;-0.000201944106038132;-0.000202256117231236;-0.00020313623579904;-0.000203011462663438;-0.000203930051944967;-0.000204530337559738;-0.000204580576756763;-0.000204411643044189;-0.000205192960705203;-0.000206138103891584;-0.000207079762237328;-0.000207508054871131;-0.000208136322118468;-0.000209299378205685;-0.000210628763130494;-0.000211602813685152;-0.0002118985984636;-0.00021275914272656;-0.000214761560217713;-0.000216347395508576;-0.000217718025206981;-0.000219514550372057;-0.000221688398652331;-0.000223282680163361;-0.000225582887422693;-0.000227544377832123;-0.000230057867065758;-0.000233266872927906;-0.000235325662723662;-0.000237587906666725;-0.000240508071688961;-0.000244527249856796;-0.000247840295481527;-0.000252053136104102;-0.000255792008833966;-0.000260025444200673;-0.000264263303892287;-0.000268574277974665;-0.000273095116592348;-0.000278467890658884;-0.000283784195518555;
-0.000208313146501826;-0.000208197795490417;-0.000208150691975106;-0.000207874038369749;-0.000207964965324159;-0.000208296781580852;-0.000208432690925076;-0.000208882167408664;-0.000209237620738989;-0.000208778877461402;-0.000209166338474454;-0.000210131921426271;-0.000210567545350315;-0.000210908762670936;-0.000211321510023232;-0.00021114489046381;-0.000211486657049065;-0.000211832510058851;-0.000212876265166972;-0.000214077854580719;-0.000214069338117628;-0.000214472207016758;-0.000216444435162888;-0.000218196560375805;-0.000218855645532035;-0.000218958409019532;-0.000220445174445416;-0.000222617965794925;-0.000223785511467511;-0.00022493392199685;-0.000227225563128819;-0.000228903350667053;-0.000231324906493136;-0.000233846555728334;-0.000235604066350703;-0.000237627227413384;-0.000240326800069024;-0.000242811153130518;-0.000245673796400059;-0.000248419321995819;-0.00025154835455643;-0.000256374205430454;-0.000260230098857228;-0.000261993425981544;-0.000266393543193466;-0.000271828578158662;-0.00027624837555118;-0.00028124895564563;-0.000286591660247026;-0.000292688654225604;
-0.000215364296162868;-0.000215167369038038;-0.000215054977269702;-0.000215275050808206;-0.000215247805257945;-0.000215395810875485;-0.00021543096497556;-0.000215933436370719;-0.000216441866113026;-0.000216579208094814;-0.000216597870470014;-0.000216956467597562;-0.000218249920989511;-0.000218017148317706;-0.000218961408435803;-0.000218957446211476;-0.000219118129737961;-0.00021957726330335;-0.000220245625107029;-0.000221569455328918;-0.000221740334784393;-0.000222695190088107;-0.000223962730890204;-0.000225138288235005;-0.000226052025739332;-0.000227062281379808;-0.000228698000408478;-0.000229830740659409;-0.000230578276820381;-0.000232454452552933;-0.000234743762542511;-0.000236940956692244;-0.000239702941754683;-0.000240882457649416;-0.000241940295248266;-0.000244813025931379;-0.000247968725725745;-0.000251397544526633;-0.000254320668137797;-0.000256205831211886;-0.000258683472343257;-0.000263639643599767;-0.000267437106482582;-0.000269838143834633;-0.000274244072671959;-0.000279601884730862;-0.000284172481376466;-0.000289206267371611;-0.000295280595647984;-0.000300536181777389;
-0.000222714682788894;-0.000222716289657754;-0.00022247716569801;-0.000222695374542337;-0.000222758829031111;-0.000222588620331088;-0.000222651658519979;-0.000222733776137574;-0.000223676174577303;-0.000224799755111693;-0.000224132043285863;-0.000223956324119978;-0.000224720419075286;-0.000224951349292901;-0.000225545362534607;-0.00022638378021389;-0.000226396329668255;-0.000226699468186098;-0.000227835766264395;-0.000229455844187321;-0.000229956623484906;-0.000230311555655227;-0.000231436100158522;-0.000231748407226728;-0.000232705536126421;-0.000233939859477061;-0.000236256482546882;-0.000237495610631022;-0.000237991289536943;-0.000240213639459252;-0.000242144520416598;-0.000243760349524447;-0.000246201679180658;-0.000248471200687828;-0.000250523373749978;-0.000252426109825787;-0.000255406614394271;-0.000258666284285614;-0.000261385250184265;-0.000263685579660056;-0.000267172426391848;-0.000270980844010005;-0.000274822300761368;-0.000278038255007385;-0.000282701504013882;-0.000287930066801945;-0.000292761556010657;-0.000297640534620669;-0.000303035953272968;-0.000307653976619804;
-0.00022984285653882;-0.000229740092973163;-0.000229561637059561;-0.000229926492654187;-0.000229875142792935;-0.000229964349719225;-0.000229888999844885;-0.000229852126915731;-0.000230525104409907;-0.000231338424900862;-0.000231169331005532;-0.000231437896927922;-0.000231888399651492;-0.000232060615425134;-0.000232365670910895;-0.000233255306793634;-0.000234057413786015;-0.000234427959497907;-0.000235211769676447;-0.000236073101600454;-0.000236852978023894;-0.000237596939888451;-0.000238552506833578;-0.000239277396769211;-0.000239674773730769;-0.000241062397023484;-0.00024332981106534;-0.0002450590289933;-0.000246513104158463;-0.000247897300986288;-0.000249547815666773;-0.000251228110474067;-0.000253071609511046;-0.000256117443679482;-0.000258640452106995;-0.000260473947886197;-0.000262820110829232;-0.000266219430647308;-0.000268729633736697;-0.000272082956888742;-0.000275549399320951;-0.000279491909545015;-0.000283291120473983;-0.000286647732791856;-0.000290689759971485;-0.000296150731182276;-0.000300688415288963;-0.000305135016898106;-0.000311614785617031;-0.000316922842305889;
-0.000236975649792637;-0.000236965714484949;-0.000237038602810546;-0.000237047740522911;-0.000237220934133919;-0.000237738597761883;-0.000237212008428855;-0.000237133743581364;-0.000237673622724088;-0.000238027391080031;-0.000238628189690004;-0.000239073679686452;-0.000239631811380647;-0.000239833438396175;-0.000240224368310393;-0.000241226995200794;-0.000241383106672988;-0.000241627340108241;-0.000242506700717904;-0.000242995498132448;-0.000243740218969002;-0.000244859986604951;-0.000245693080413112;-0.000246789061506991;-0.000247633513037471;-0.000248867422719012;-0.000250569749749463;-0.000251895328274188;-0.000254131895501164;-0.000255907106936348;-0.000257165345967092;-0.00025903519088688;-0.000261736028717152;-0.000263539344015129;-0.000265732980784694;-0.000268575874815546;-0.000271819693268505;-0.000273858424856499;-0.000276492329445599;-0.000280040943291038;-0.000283236502037987;-0.000286793272410879;-0.000291263529490937;-0.00029546380052059;-0.000299706755856999;-0.000304381294048195;-0.000308262816309135;-0.000313090561907536;-0.000319138796222695;-0.000324175337737209;
-0.000244153082110454;-0.000244205360454774;-0.000243964479337055;-0.000243904904526637;-0.000244231924604321;-0.000244324985221311;-0.00024449258110959;-0.000244363354616972;-0.000244734597855345;-0.000245631653136069;-0.000245924420184895;-0.000245823700035785;-0.000247359494447874;-0.000247406023520025;-0.000247115919138619;-0.000248083551979583;-0.000248314550289841;-0.000249091864282569;-0.000249966416614456;-0.000250243805727468;-0.000250652490462411;-0.000252282300163831;-0.000253331186615302;-0.000253736156709206;-0.000254935749655072;-0.00025679478848506;-0.000258664240454287;-0.000259714176691794;-0.000260390757355733;-0.000262824824639463;-0.000264852288952344;-0.000266881467324787;-0.000269439230541568;-0.000271132527249307;-0.000273167185543599;-0.000276227402476348;-0.000280430931410169;-0.000282004993969576;-0.000284351910978309;-0.000287859131918644;-0.000290905403284469;-0.000294764071017362;-0.000298733521766792;-0.000303405414437297;-0.000307601933934087;-0.0003120329689974;-0.000315991855661224;-0.000321139481319843;-0.000327994187905301;-0.000332710921316703;
-0.000251142896301904;-0.000251365300785178;-0.000251244282178931;-0.000251479654008069;-0.000251498966663988;-0.000251245348304341;-0.000251491783763047;-0.000251684353544945;-0.000252120041020376;-0.00025280180450471;-0.000253296923235613;-0.000253035302221871;-0.000254127472859356;-0.000254866708703894;-0.000255365923754525;-0.000255637937979003;-0.000255830567331472;-0.00025627531870942;-0.00025716977425505;-0.000257677699690539;-0.000258739177787515;-0.000259880007007052;-0.000261295946371476;-0.000261693959700438;-0.000263177510166912;-0.000265190138440285;-0.000266707849608139;-0.000267802855889343;-0.000269068211969703;-0.000270433642675982;-0.000272935379793893;-0.000274341492859875;-0.00027667427910405;-0.000279468931431381;-0.00028149905921504;-0.000283488803987098;-0.00028765526746577;-0.00029091140801718;-0.00029303856600249;-0.000296057573322184;-0.000299268087485594;-0.000303400419637168;-0.000307429880428423;-0.000311373584612085;-0.000315104302481384;-0.000318876449679983;-0.000323963476494882;-0.000328765699242339;-0.000335494120368818;-0.00034125307460231;
-0.000258756102756497;-0.000258735162788071;-0.000258933953892981;-0.000259150993021873;-0.000259221880773097;-0.00025917104178852;-0.000259026819419361;-0.000259719738147979;-0.000260192200943088;-0.00026065903927508;-0.000259876731112829;-0.000260773633507405;-0.000261241594636807;-0.000261493627327525;-0.00026201441824103;-0.000262371587343324;-0.000262721183680537;-0.000264240509733948;-0.000265188155391005;-0.000265378377750647;-0.00026680900059084;-0.000267975806692355;-0.000269073217439963;-0.000269761956058989;-0.000271033564675616;-0.00027185686341058;-0.000273013703964597;-0.000274796888791062;-0.000277573107285711;-0.000279196198907261;-0.000280654923924484;-0.000281946103005026;-0.000283239369187172;-0.000286726621091749;-0.000289879543822646;-0.000291951400937407;-0.000294813439665198;-0.000298247748923952;-0.000301576580465479;-0.000304551859788837;-0.000307610198472918;-0.000311992661661709;-0.000315828954846165;-0.000320791406720033;-0.000324022555165726;-0.000328231987662519;-0.000332927338944078;-0.000337587078952151;-0.000343516361461127;-0.000349672329722495;
-0.000266209258311001;-0.000266022356714579;-0.000266120459275765;-0.000266198669586437;-0.000266608353530984;-0.000267072862171425;-0.000267087677318756;-0.000266918819819661;-0.000267546269529184;-0.000268220514979323;-0.000267781971790892;-0.000268299148350248;-0.000268559174061878;-0.000268292345808163;-0.000269326695223171;-0.000268921500993891;-0.000270804600063457;-0.000272767434774224;-0.00027286915431457;-0.00027306226588264;-0.000274701646907793;-0.000275886923715163;-0.000276471882721285;-0.00027725911215537;-0.000278915194919183;-0.000279936152264515;-0.000281590935894638;-0.000282708570452872;-0.000284723988976054;-0.000287163427310944;-0.000288897320630088;-0.000290941025112623;-0.000291406977698472;-0.000293519039304524;-0.000297327243246492;-0.000300266611887423;-0.000302765129128968;-0.00030584431425229;-0.000308921225597558;-0.000312746365294991;-0.000315825002516146;-0.000319219593783338;-0.000323726332000174;-0.000328824074486977;-0.000332485456894016;-0.000336868088465447;-0.000341400894432908;-0.000346287682896129;-0.000351788282822341;-0.000356556973124977;
-0.000273781433357101;-0.000273441679827346;-0.000273473215916198;-0.000273476929866678;-0.000274052368229416;-0.000274346043494855;-0.000274454562125381;-0.000274306594336249;-0.000275237351360147;-0.000275682969720137;-0.000276350245792756;-0.000276126341228533;-0.000276278774156147;-0.000276696228959317;-0.000276491054880701;-0.000276273689845397;-0.000279144091647865;-0.000279608339208703;-0.000279744796952031;-0.000280707717378537;-0.000282003631941308;-0.000283788358736103;-0.000284457738031207;-0.00028545983175654;-0.000286763747581631;-0.000288182285750338;-0.000289632086491576;-0.000290767486744059;-0.000291766934882531;-0.000294425377179053;-0.000297198393190978;-0.000298850228666936;-0.000299837454345475;-0.000302259171847119;-0.000304952816352788;-0.000307562320193799;-0.000310404563309774;-0.000313777159348216;-0.000316642515725274;-0.00032078648830014;-0.000324583078137319;-0.000328065121330212;-0.000332369658996079;-0.000336100039841192;-0.000339863293690623;-0.0003442352266676;-0.000348070629150321;-0.000354293402382133;-0.000359106201361925;-0.000364267052046063;
-0.000280914493925533;-0.000281141336641255;-0.000281129294759097;-0.000280705250530477;-0.000281692703028913;-0.000282482879287116;-0.000282316923606807;-0.000282438712805977;-0.000282516140769573;-0.00028297527483101;-0.000283232512750864;-0.000283694282098956;-0.000284090810124482;-0.000284955815635701;-0.000285245112010557;-0.000285268907677771;-0.000285987180397296;-0.000286590393298702;-0.000287550576417495;-0.000288302831195075;-0.00028983411680672;-0.000291582254261513;-0.000292010375958274;-0.000292298397809976;-0.000293632451858095;-0.000294945033329164;-0.000296809692842182;-0.000298557367998331;-0.000299850099348742;-0.000302079661071986;-0.000304400507491476;-0.000306059892885013;-0.000308251986130159;-0.000310464198727711;-0.000313193487447183;-0.000315259258704792;-0.00031876232490502;-0.000322182211764943;-0.000325468463230116;-0.000328805842504387;-0.000331826288273884;-0.000335167013568061;-0.000340135568787758;-0.000344423411679617;-0.000349117599033555;-0.000352684718457397;-0.000357012412075086;-0.000362906583751155;-0.000368147612245906;-0.00037395270607421;
-0.000288666928862646;-0.000288509114005464;-0.00028792417586887;-0.000288522934063007;-0.000289023033360092;-0.000289803346233519;-0.000289966364226846;-0.00029071975150563;-0.000289617550783827;-0.000290224060515154;-0.000290562218807189;-0.000291444248455619;-0.000291998547582661;-0.000292271272746003;-0.000292594287488956;-0.000292841730514581;-0.000293542738124764;-0.000294803072164562;-0.000296042363643334;-0.000296554360449619;-0.000297680170795012;-0.000298525733339439;-0.000299039443452109;-0.00030019993711683;-0.000301041838554728;-0.000302959175820128;-0.000305053483091289;-0.000306925804332003;-0.00030829253121567;-0.00031013041817296;-0.000312188946458125;-0.000314025820022934;-0.000316817100208588;-0.000318970364028726;-0.000320845365539668;-0.000324156910092466;-0.000326470848905025;-0.00033016538275854;-0.000334096244637205;-0.000337000146880762;-0.000339309894872297;-0.000343761029037992;-0.000348079956235203;-0.000352530176265464;-0.000357003321663552;-0.000360787917247141;-0.000366163561744681;-0.000371568534099698;-0.000376184503829702;-0.000382250107680893;
-0.000296373053124022;-0.000296316933291685;-0.000296336118736917;-0.0002968043770748;-0.000297017383144471;-0.000297055423180481;-0.000297456234349625;-0.000298205603033175;-0.000297959216607246;-0.000297593682373254;-0.000298367507246766;-0.000299175597129331;-0.000299484625990054;-0.000299284356628959;-0.000300135122564882;-0.000300440472639885;-0.000301517641995375;-0.000302835404463409;-0.000303592999903568;-0.000304240632553743;-0.000305375400668773;-0.000305929156435347;-0.000306692358545302;-0.000307454145766606;-0.000309840688525576;-0.00031180433879463;-0.000312673998283941;-0.000314737180082236;-0.000316355917696853;-0.000317791690713776;-0.000320209873788002;-0.000323121614411725;-0.000325420614701422;-0.000326974777778322;-0.000329238421414413;-0.00033257138079712;-0.000335138135556079;-0.000338297746840688;-0.000342175299107961;-0.000345520872804705;-0.000348927957286804;-0.00035434488917474;-0.00035757472516984;-0.000361012049137521;-0.000364735836826835;-0.000368900780487458;-0.000374945870405874;-0.000379943903872082;-0.0003835363197493;-0.000390254416967828;
-0.000303968209903083;-0.000303404689163234;-0.000304080782915328;-0.000304544374921445;-0.000304710502290195;-0.0003049068218135;-0.000305172170871781;-0.000305294595209116;-0.000306195510735296;-0.000305642440865839;-0.000305743080309284;-0.000306427323162328;-0.000306884516259487;-0.000307549638493221;-0.000308009232111051;-0.000308860221568619;-0.000309897487002608;-0.000310364712252209;-0.000310689674777542;-0.000312417411020061;-0.000313756380716512;-0.00031370290973598;-0.000314127999735181;-0.000316130164854211;-0.000318369222204407;-0.000319631564859257;-0.00032005768250043;-0.000322271893681947;-0.000325303722816361;-0.000326235224803018;-0.000328355069736386;-0.000331098949417186;-0.000332935805983592;-0.000335373137997141;-0.000338081742835339;-0.000340814267544509;-0.000344556669384488;-0.000347039465117049;-0.000349471444133886;-0.000353698359448096;-0.000358379725478919;-0.000362398059326807;-0.000365833069812638;-0.00036906478587051;-0.000372226806722331;-0.000377893911458038;-0.000383518209976508;-0.000387991454991798;-0.0003928475766104;-0.000397976022725288;
-0.000311883540032198;-0.000311781098781605;-0.000311917948116136;-0.00031208333624555;-0.000312240701090261;-0.000312660413348986;-0.000312860568510764;-0.000312949668871632;-0.000313419770619827;-0.000313262716863605;-0.00031360507076883;-0.000314695020445122;-0.000314766256253485;-0.000315653568159657;-0.000316661642482341;-0.00031727093891698;-0.000317832603561108;-0.000318268895400653;-0.000318931228296737;-0.000320403747697817;-0.000321364162381599;-0.000320919428525634;-0.000323054603566852;-0.000324755533883447;-0.000326044750652343;-0.000327289307354039;-0.000329147297952748;-0.000330899562450249;-0.000332602060395537;-0.000333908184811715;-0.00033571384854314;-0.000338478392356123;-0.000340529152804248;-0.000343438381133154;-0.000346806078825423;-0.000349137487464013;-0.000351654774735977;-0.000354849103783916;-0.000357104343092995;-0.000361458386178626;-0.000366113761871567;-0.000369603490022463;-0.000373334118956681;-0.00037685431793566;-0.000380646382565963;-0.000385540731208778;-0.00039011697667668;-0.000395353118397779;-0.000400930213547923;-0.000406015512447677;
-0.000319688055497203;-0.00031991031787193;-0.000319935388957582;-0.000319957686439221;-0.000320150216773563;-0.000320627331115375;-0.000320801694971173;-0.000320443309577811;-0.000321143927584533;-0.000321570333629673;-0.000322108299884327;-0.000322998218612813;-0.000322406410101728;-0.000323099571898133;-0.000324462631872802;-0.000325090395384198;-0.000325558333361009;-0.000326112056016736;-0.000327179074599115;-0.000327355968050558;-0.000328364491893218;-0.000329455781046484;-0.000331032691090805;-0.000332409932649824;-0.000333277880009142;-0.000335158795246482;-0.000337442094048068;-0.000338840917149419;-0.000340562327042271;-0.000342239236839514;-0.000344091081365239;-0.000345932209528499;-0.000348674120945081;-0.000351602472311363;-0.000354551785155088;-0.000356456189312127;-0.000359428929731287;-0.000363089603590439;-0.000366536245333116;-0.000370431071192723;-0.000374720923997263;-0.00037790014803285;-0.000381673833537377;-0.000385690157123086;-0.00038927375225617;-0.000393780975271874;-0.000399153571231992;-0.000404383733546787;-0.000410115561956914;-0.000414860056010102;
