0,0677898275538649;0,369644942650837;0,671397136290335;0,973038171257469;1,2748088080515;1,57674995617519;1,87857515463785;2,18041176859066;2,48203486113031;2,78392701881825;3,08594915419841;3,38780683763943;3,6895028777135;3,99119981705264;4,2932111285567;4,59509134982563;4,89713859906156;5,19906514819237;5,50091122254993;5,80292520754548;6,10491454321113;6,40700977035418;6,70885548479211;7,01086812521339;7,31290917556613;7,61470996281572;7,91702808355304;8,21918280114496;8,52106561882978;
0,0663897321218307;0,368128292278121;0,669959666344519;0,971729181170855;1,27355063749222;1,5754096137169;1,87723683768429;2,17892872901205;2,4806123101329;2,78250793445494;3,08422498217817;3,38614158726543;3,68789131324104;3,98963466330679;4,29172276545538;4,59349974721681;4,89536093901665;5,19738740830108;5,49929415692042;5,80116273079679;6,10297639453998;6,40505948936164;6,7069876270598;7,00918490218035;7,31125301384487;7,61309395627895;7,91506619199994;8,21728239090842;8,51922155910279;
0,0651771269520687;0,366938118431084;0,668683598933136;0,970563614383555;1,27240991610402;1,57409917207471;1,87569982811231;2,17737886862072;2,47910424953836;2,78091189428579;3,08274315280578;3,38460592561527;3,68643200486606;3,98816521802257;4,29013636167611;4,59183929713183;4,89371121555369;5,19583601345737;5,4976357624839;5,7994087343646;6,10130614010657;6,40331126724231;6,70521999473339;7,00725164557458;7,30922271529949;7,611271250908;7,91321153504287;8,21524455689457;8,51708150238418;
0,0638749425455947;0,365622618870287;0,667385232185479;0,969171713913705;1,27091893788654;1,57258236340668;1,87432975198422;2,17599502345871;2,47763688891574;2,77931177965915;3,08129660571258;3,38308996916212;3,68496448089559;3,98673907478893;4,28849290420375;4,59021309222683;4,89205228762639;5,19401918432427;5,49587950492508;5,7975931584819;6,09954944243181;6,40145524833862;6,70341035940466;7,00564691740196;7,30748633019939;7,60917670336749;7,91133339600642;8,21311573740524;8,51496440659046;
0,0625404539155063;0,364472456921727;0,666251860510088;0,967867514480029;1,2697295482892;1,57135547442126;1,87306122626461;2,17472091542458;2,47626199435229;2,77797370004505;3,0798210327353;3,38159123460718;3,68343768136241;3,98524892086142;4,2868876642299;4,58850998570631;4,89018925999797;5,19200861926368;5,49395152431635;5,79564361795217;6,09753500990648;6,39960879073534;6,70177338302562;7,00378908708121;7,30576567991449;7,60736128625555;7,90933149767207;8,2110553641022;8,51309801433728;
0,0613958802278489;0,3632616160362;0,665024622133828;0,966570804266538;1,26845903057411;1,57009027408679;1,87175600885736;2,17334045810716;2,47503310438883;2,7766786587096;3,0784068448792;3,38018323054314;3,68181425441792;3,98362672527929;4,28534817576929;4,58695452535016;4,88864071873648;5,1903266307506;5,49230954275921;5,79398041844325;6,09580893897223;6,39782134014738;6,69958602501915;7,00164641136153;7,3036934194398;7,60540700963558;7,90714724599018;8,20902535778727;8,51112554102065;
0,0603212274557601;0,361910231573389;0,663554242325101;0,96518151490609;1,26684723334522;1,56878262903198;1,87055741742232;2,17211984129842;2,47370090513169;2,77544345904321;3,07704181052831;3,37859679979788;3,68029982033239;3,98194292776399;4,2834327203558;4,58521606912809;4,88709599358184;5,18885036556447;5,49059442779113;5,79225147183809;6,09422547815884;6,39624671628099;6,69796862352222;6,99976265385611;7,30169278181572;7,60355420608546;7,90542512728915;8,20722695889134;8,50915324754574;
0,0591452171323592;0,360670082202347;0,662274696503065;0,963716935493903;1,26534612050798;1,56735555203266;1,86902268197325;2,17068711383404;2,4722712138871;2,77390610968248;3,0754279267629;3,3770250464643;3,67877156861028;3,98029559511851;4,28195493621885;4,58373934536204;4,88534448229103;5,18710259673687;5,48886101012305;5,79056908736956;6,09253436803971;6,39428419668919;6,6963387744473;6,99801753505426;7,29981195336006;7,60189748811045;7,90374228733124;8,20555838110764;8,50725903811413;
0,0579416009070943;0,359612127161488;0,661077759710616;0,962494154035625;1,26413667538673;1,56592660166404;1,86750386544981;2,1692714132923;2,4709523436429;2,77242387953318;3,07399061195949;3,37562724666828;3,67737312595673;3,97881748300807;4,28058019788531;4,58251227331325;4,88379600739522;5,18545797990584;5,48730860133908;5,78912464093463;6,09081735423045;6,39265622706125;6,69462521072659;6,99618467721249;7,29784506350995;7,59970117066483;7,90178143389546;8,20378434218615;8,50540235847652;
0,0567223762925595;0,358293372804641;0,660081865088263;0,9615298214406;1,2630636792048;1,56467118392269;1,86633262893753;2,16794402378505;2,46957497764919;2,77114840271628;3,07279765974825;3,37421707857529;3,67596064287072;3,97730626623521;4,27874166923073;4,58065779993426;4,88239469543702;5,18387581201991;5,48563731207205;5,78748168657377;6,08919901424509;6,39097699283928;6,69298553678342;6,99459698117107;7,29629613776204;7,59799390466123;7,8999607271557;8,20194412865998;8,50365200501626;
0,0553685802663324;0,357106893507551;0,658802878889334;0,96044084108438;1,26175445327822;1,56334471693402;1,86512055954227;2,16648527460732;2,46813769162543;2,7697196877743;3,0712056389195;3,37260906064736;3,67428707343947;3,97581996882971;4,27726751905378;4,57915322172488;4,8808897163822;5,18231753710152;5,48398348838334;5,78567802382459;6,08732136684606;6,38901961888598;6,690931349694;6,9927697202038;7,29465246319386;7,59627071576525;7,89815815514769;8,20010207377208;8,5019205188099;
0,0541547827610795;0,356114798193347;0,657573996981418;0,959170085045976;1,26069018528584;1,56193659678352;1,86366386232368;2,16508334296357;2,46665822214744;2,76814021566218;3,06968619299642;3,3712350077786;3,67287004152667;3,97435915879297;4,27577300102466;4,57758318295774;4,8793138534434;5,18072530060596;5,48246301996208;5,78421479464324;6,08585904150683;6,38754148042754;6,68943987145384;6,99116367958563;7,29291601144743;7,59446206892007;7,89631285158436;8,19834940239751;8,5000175556222;
0,053283336299109;0,354824287165823;0,656387584657509;0,957957881789809;1,259560791228;1,56097155575639;1,86226426586676;2,16376637578642;2,46543619701568;2,76695680422365;3,06845186593595;3,36989992585961;3,67154103177215;3,97295836595783;4,27432322422702;4,57596780308183;4,87778655601905;5,17946059447611;5,48100734387955;5,78263662830894;6,08422166661749;6,38596398978731;6,68784301747125;6,98962144002606;7,29120633343702;7,5928760254293;7,89442930631215;8,19613609417557;8,4982030429162;
0,0523085136669588;0,353685497486572;0,655234426812566;0,95671040822158;1,25816203527423;1,55978419283698;1,86123684540497;2,16263486210732;2,46415850605184;2,7656956250506;3,06712165768464;3,36854155613747;3,67011197642503;3,97163340807098;4,27292389324895;4,57448901899342;4,87629028996261;5,17778680428027;5,47935501234072;5,78081942363595;6,08259844245682;6,38434843606823;6,68608873414594;6,98789294658646;7,28956885443162;7,5912673176118;7,89271280576773;8,19432209277995;8,49620009131799;
0,0509839947334694;0,35277670605101;0,654186213784414;0,955502174387752;1,2567301088;1,55829844404362;1,85988190794057;2,16128538273958;2,46286884767108;2,76426589736638;3,06573672657238;3,36722441594158;3,66873831279989;3,97018899503296;4,27144244199677;4,57289500498181;4,87461783594822;5,1760590488918;5,47762455972175;5,77919329165924;6,08100005744113;6,3828166295118;6,68431219349215;6,98588640177097;7,28767370095351;7,58952502216309;7,8910264772398;8,19259057115496;8,49443148095534;
0,0499347398399541;0,351674402738585;0,653015679389794;0,95424958563193;1,25559799913161;1,55708389787084;1,85864539492934;2,15999963323419;2,46153729824833;2,76291489911421;3,06455095659675;3,3659660302052;3,66740460133115;3,96873263860661;4,26995341625214;4,57151174952088;4,87307686807103;5,17463393215436;5,47631191234571;5,77786508082687;6,07949661729448;6,381089377847;6,68248610207649;6,98426810227207;7,28602201482771;7,58768623501248;7,88934976914577;8,19098133222632;8,49258829643815;
0,0487656527576199;0,350223812370828;0,651284288370288;0,952914310732193;1,25449383430327;1,55601828512905;1,85757339496264;2,15890079318927;2,46016163813182;2,76151980267642;3,06326293594026;3,36459778087732;3,66610350119756;3,96733942954838;4,26850476605507;4,57011737600751;4,87184966663264;5,17345724251786;5,47510718318571;5,77651814448943;6,07793863091595;6,37940788716612;6,68103373247459;6,98281932040785;7,2845209664604;7,5861045067402;7,88754321524813;8,18927589676609;8,49098916371676;
0,0477594603485034;0,348942518398296;0,650122054781867;0,951812970495235;1,25345179834665;1,55477691067137;1,85625235378918;2,15768968929135;2,45897066412973;2,76023233088243;3,06181326751261;3,36311656062067;3,66460511371944;3,96599374040179;4,26733907953699;4,56877543667828;4,87023204116962;5,17198780926381;5,47351776561834;5,77460481588147;6,07603317260722;6,37783270483625;6,67958990631311;6,98141787459209;7,28292625566867;7,58447724872562;7,88589631918251;8,18757246925871;8,48931469983596;
0,0467930213953256;0,348015538606331;0,649347638839996;0,950880058024213;1,25240608496667;1,55354946099499;1,85488337749077;2,1563531169273;2,45756173739314;2,75888034504529;3,06041110197328;3,36183213125596;3,6630059252661;3,964580903469;4,26623872565222;4,56738478785392;4,86868526667552;5,17030765125899;5,47177175750952;5,77303324496594;6,07482652050866;6,376307197807;6,67787404340461;6,979688344948;7,28116020493484;7,58258404828115;7,88419492444866;8,18588897518962;8,48742965201145;
0,0455853263643489;0,346984853793129;0,648405100616465;0,949743480376716;1,25106634493658;1,55226833641562;1,85367297578017;2,15502166857407;2,4562146260268;2,75761120483509;3,0589819078252;3,36045300838484;3,66173572189527;3,96318231794784;4,26484042136797;4,56611119578099;4,86730332018131;5,16892728761963;5,47016121548984;5,77161804636133;6,07337294746512;6,37480903960905;6,67632219151564;6,97822126822459;7,27950370013001;7,58090704468885;7,88242081051048;8,18413513377294;8,48572909614512;
0,0445247997201115;0,346023460046974;0,647373266523906;0,948671235402532;1,25001800159207;1,55113160407144;1,85245509536162;2,15381179756695;2,45493161882343;2,75644460081964;3,05773711057599;3,35907215736759;3,66045175548073;3,96162687494808;4,26312285210512;4,56462195218182;4,86604720833217;5,16747702842849;5,46878431402724;5,77010066400008;6,07147621317182;6,37312937717227;6,6748227946918;6,97656888481897;7,27791856296193;7,5793546233627;7,88071184215221;8,18229889942138;8,48395666190335;
0,0435128505423528;0,344752366763674;0,646056460825438;0,947616459882169;1,24903642407774;1,55016367397086;1,85141833154517;2,1525124605108;2,45377653516129;2,75528556984261;3,05660594492842;3,35775358414704;3,65910842763638;3,96036022194217;4,26167258549707;4,56316260503102;4,86443084071987;5,16578695488831;5,46739125178148;5,76888323968509;6,07022739057048;6,3715639977038;6,67316112917333;6,97496671260347;7,27652913310948;7,57770335323473;7,87901497368899;8,18062490714671;8,48217230997158;
0,0424874258320305;0,343602919208068;0,64498959850061;0,946477463208022;1,24774074350734;1,54897440208262;1,85028231699304;2,15141572478047;2,45266317536087;2,75406592625393;3,05539954473522;3,35650712628367;3,65785114381633;3,95918205787805;4,2603954592155;4,56175960716122;4,86309359852919;5,16440480072343;5,46585980500271;5,76717989686988;6,06893141106934;6,37019270045713;6,67169591805681;6,97342944866088;7,27486583250842;7,57635936633034;7,87756919466386;8,1790775380338;8,48048352248876;
0,0414277965842462;0,342700704016488;0,644035420354262;0,945287874643178;1,24651807689478;1,54791803701262;1,84925183465647;2,1503477735046;2,45157731758075;2,75285096529117;3,05412537033098;3,35535937337876;3,65657264045922;3,957801517081;4,25900388075478;4,56027763912955;4,86172785115882;5,16302093234545;5,4643021649515;5,76561699770198;6,06734901430505;6,36889374126951;6,67017269897829;6,97153402956532;7,27315326151816;7,57492894144534;7,87605004683239;8,17748768141117;8,47903882690319;
0,0402214781173651;0,341627235095021;0,643082158113469;0,944154049300499;1,24552255649483;1,54701685405209;1,84818551429597;2,14930968527636;2,45039502640469;2,75161188341576;3,05298067757822;3,35422550557971;3,65540877025446;3,95661858731414;4,25782699458148;4,55912720778465;4,8603611034111;5,16159539698472;5,4629063641671;5,7642865561438;6,06597284895942;6,36740720002572;6,66861326398887;6,96981337820665;7,2715195149799;7,57306665505094;7,87454714156255;8,17593449088788;8,47741919040956;
0,0392930077751465;0,340616681919634;0,641934500186431;0,943044064989043;1,24434674933973;1,54571235626264;1,84694720575504;2,14812557439495;2,44928065810659;2,75040659108576;3,05176364647885;3,3530369550977;3,6542201522188;3,95534451083134;4,25664210779401;4,55789640892225;4,85906340124265;5,16024406492039;5,46157739998764;5,76307916886884;6,06452445142064;6,36579012804266;6,66709338097408;6,96861243182448;7,27027117242877;7,57169651579163;7,87289732078999;8,17425533542449;8,47576467667966;
0,0384311735579477;0,339580009714521;0,640926383883568;0,942007750855642;1,24316365064466;1,54434325992202;1,84557601144731;2,14681320389694;2,44817230291263;2,74928509919738;3,05029306640146;3,35177726554325;3,65293204616623;3,95405421282164;4,25539744571925;4,55663002976201;4,8577241843757;5,15886653140569;5,46028253132168;5,76175623494755;6,06311117974097;6,36430429267778;6,66555443844617;6,96702952620644;7,26873907578958;7,57019314013679;7,8713646118222;8,17280434564329;8,47427375298059;
0,0376321816320973;0,338500655864964;0,639588217020017;0,940882447820031;1,24202027769075;1,54327943160684;1,84449609757773;2,14565605750812;2,44703744643089;2,74823186558028;3,04905760994812;3,35046493625389;3,65165432520325;3,95289640291182;4,2541876374137;4,55532249791652;4,85643142878693;5,15763666456278;5,45892030301901;5,76048236728177;6,06178938553807;6,36287803968689;6,6641407054255;6,96569032800872;7,2671490505773;7,56854965270947;7,86979410664995;8,17117853779477;8,47290062018947;
0,0366173308489088;0,337635883424576;0,638772412201097;0,939933764018406;1,24103693537116;1,54224448840069;1,8434443321937;2,14444664243273;2,44570301796521;2,74693219097097;3,04782903519366;3,34910758601014;3,65044257206225;3,95160214158972;4,25270721399737;4,55386078383188;4,85519997424094;5,15634821019471;5,45748003901491;5,75886127322353;6,0601419556733;6,36138048682847;6,66287652504832;6,96419621115559;7,26558972254099;7,56701558737484;7,86830492222295;8,16970363306092;8,4712543647461;
0,0355414808838805;0,336734647717531;0,637753115555963;0,938981888951982;1,2401864088804;1,54125654653741;1,84228674444847;2,14323839295033;2,44461900829203;2,74590546771801;3,0468755480078;3,34793313156258;3,64913053489845;3,95026177623443;4,25120676041321;4,55249992236199;4,85384457094673;5,15507074879939;5,4564613868399;5,75734804308834;6,05859504913233;6,36013893545545;6,66177227333543;6,96291877500154;7,26404805697181;7,56566321625472;7,86691047719481;8,16822539134441;8,46963040659741;
0,0346418791392766;0,335719866125373;0,636720991569882;0,937864639125594;1,23917529858478;1,54017873729819;1,84101676142243;2,14195163327014;2,44357775019701;2,74496747828429;3,04572770671042;3,34667897707429;3,64801287530263;3,94909622467219;4,25001404443647;4,55125323877754;4,85267762376525;5,15386992143816;5,45525840520447;5,7560926214274;6,05742896046843;6,35881136996771;6,66028393780751;6,96149675372737;7,26257581119379;7,56406999813063;7,8653513548664;8,16675645567725;8,46826381569235;
0,0335160476056462;0,334756942795712;0,635860943162218;0,936906684614458;1,23789171269146;1,53918811418212;1,84007264454695;2,14104921916841;2,44235398962702;2,74367576589324;3,0444609110222;3,34560031759271;3,64691453500808;3,94790178038106;4,2489016010465;4,5501218349433;4,85145274037935;5,15238591829279;5,4535674807418;5,75487921530401;6,05613730569765;6,35739910685778;6,65862171386891;6,9601018453852;7,26132654895649;7,56253645256568;7,86375590455274;8,16519349199185;8,46667617924217;
0,0325475931012198;0,3336714812683;0,634913711953098;0,936019312976244;1,23700925123319;1,53815568882198;1,83912839217897;2,1400946748556;2,44126997106244;2,74240922239011;3,0434155961195;3,34457430695742;3,64548273038546;3,94666311800329;4,24783655504863;4,54886116369179;4,85008684991191;5,1510758115924;5,45225453508779;5,75361831160003;6,05480130776357;6,35600417451276;6,65728915068056;6,95861994997141;7,25980672574523;7,56132810487787;7,86260718256465;8,16370272831071;8,46503870509897;
0,0317844223831818;0,332671729808383;0,633813444690349;0,934867727598184;1,2360278251891;1,53715366026031;1,83817097073786;2,1391848527245;2,44012113261984;2,74114462314189;3,04243095233863;3,34345421023325;3,64432509394555;3,94575619013496;4,24681037430534;4,54775815186117;4,84887187962391;5,14984259361124;5,4509792928931;5,75231533449514;6,05342170219364;6,35464208744885;6,65594908647375;6,95735847850179;7,25870581443263;7,55998438292822;7,86128232713927;8,16235036064193;8,46366837701846;
0,0307605783350962;0,331791684201555;0,632918116775951;0,933807986136584;1,23502209636089;1,53620182653738;1,83725018187565;2,13822459664738;2,43919527981925;2,74009405069901;3,0412622705336;3,34240442236453;3,64326771547402;3,94442109183934;4,24553528222311;4,5465512291962;4,84757869247543;5,14872957463425;5,44990263928288;5,75117065074744;6,05208930264578;6,35321754187654;6,65462922085195;6,95600067489067;7,25736919029258;7,55848900737908;7,85959413634567;8,16093860347713;8,46231437246863;
0,0297564670777524;0,330733651275096;0,631985569735798;0,93308419422066;1,23411452414671;1,53514502480468;1,8360609865374;2,13706389280375;2,43801572149657;2,73895115643183;3,04010639410345;3,34124421469784;3,64214308018918;3,94307618998839;4,24409900079056;4,54524334421059;4,84638629808953;5,14744062611328;5,44862267285041;5,7497618266572;6,05079056419375;6,35205365373952;6,65341293623683;6,95452973806261;7,25578355315107;7,55694891626185;7,85801648824495;8,15954179733651;8,46078778180082;
0,0289184243394303;0,329936575624686;0,63106722030683;0,932242909371404;1,23307513885197;1,53404152277386;1,83495373289312;2,1360437810035;2,43702619343933;2,73806106150066;3,03900606981084;3,33994511385808;3,64095128690344;3,94197632975749;4,24301133555621;4,54409859178255;4,84517094867991;5,14612892894499;5,44726926105253;5,74836745318577;6,04965153445516;6,35094557822345;6,6522446099185;6,95343396241393;7,25440728570914;7,55561286787825;7,85671482051621;8,15780114955757;8,45907259015928;
0,0279747062327056;0,329053501931726;0,630069242347553;0,93127253860661;1,23205900686778;1,5330106007726;1,83391145101036;2,1348901600309;2,43604768041634;2,7371297751991;3,03808211705647;3,33907186200185;3,64013901823344;3,94080521624082;4,24194186555625;4,54304883453019;4,84396235697021;5,14479175077805;5,44595126754106;5,74714488608578;6,04847665435502;6,34975277214804;6,65069395132314;6,95209215319011;7,25313814100051;7,55446034839906;7,85556757087174;8,15639425770824;8,45767883457644;
0,0269797100699947;0,327981329360474;0,629066283549405;0,930289860426666;1,23123271829925;1,53212771691647;1,83297639490258;2,13384897459819;2,43499502066931;2,73610002702996;3,03703152486448;3,33812468183387;3,63912160673285;3,93964850579657;4,24053839025505;4,54192574821694;4,84298107273775;5,14369887898504;5,44485700937234;5,74598448670492;6,04721326761098;6,34837876334771;6,64907811979326;6,95052428727139;7,25185546602716;7,55301211850299;7,85433089924498;8,15521110114311;8,45636071946373;
0,0262032654981192;0,327027991460542;0,628109422581593;0,929244748940423;1,23012808287617;1,53103577261001;1,83205322907389;2,13297029400174;2,43398537259171;2,73500288967624;3,03580008891517;3,3368595063819;3,63798804225785;3,93865760041037;4,23964146307749;4,54071473444715;4,84177052098755;5,14256650097661;5,44375717663403;5,74492388138965;6,04606218765966;6,34689312315568;6,64809995925478;6,94934469565408;7,2505948962837;7,55178744051784;7,85296406634505;8,1540941563256;8,45525191046778;
0,0253492276391531;0,326312631720613;0,627273978754841;0,928239836184602;1,22921776853553;1,53019326274552;1,83103362238703;2,13186904602696;2,43290156615378;2,73390786190441;3,0347281578957;3,33564284068112;3,63676978849724;3,93774353091618;4,23869831868445;4,53956840077734;4,8405054459412;5,1413644035124;5,44240705574105;5,74373319761189;6,04502569334842;6,34573376848774;6,64676778437677;6,94812208486083;7,24946734857265;7,55049942343195;7,85151914163042;8,15262952067654;8,4537477141664;
0,0245394261371494;0,325558848318479;0,626529496909714;0,927441515252762;1,22836253500334;1,52927527391896;1,83019964886124;2,13092553475628;2,43185553541513;2,73283036180691;3,03377154219133;3,33472454038554;3,63558154989004;3,93670618862791;4,23761219728954;4,53838456861144;4,83924914231874;5,14006044007309;5,44114481655112;5,74232914448471;6,04382041710915;6,344892374336;6,64576974163524;6,94692359029573;7,24817631042967;7,54916250214669;7,8501234642724;8,15125842898982;8,4522500464051;
0,0236159154506117;0,324633293007348;0,625604095157822;0,926562227829341;1,22748114442237;1,52825144180238;1,82897131055302;2,12984215256114;2,43090083208034;2,73185373287636;3,03288945236194;3,33368999496214;3,63469033694503;3,93567714921584;4,23657602723359;4,53726827922619;4,83837513920831;5,13917368869589;5,44001957462753;5,74117041888099;6,04238785557865;6,34345382947271;6,64437698528027;6,94552298416698;7,24677469574544;7,5479464827476;7,84898600606715;8,15011032839655;8,45130775745938;
0,0226704255965542;0,323652018833906;0,624694432704283;0,925588312872973;1,2265178975855;1,52732529560525;1,82812600568326;2,12915491688323;2,42999929779825;2,7309815772752;3,03187914666823;3,33269443675659;3,63374315515121;3,93468746392846;4,2355160256412;4,53633333538832;4,83737292250533;5,13823945659079;5,43909989795008;5,74005735542569;6,04113181998359;6,34213106442412;6,6431666096264;6,94436626374589;7,24552344533659;7,54672001494598;7,84776207538755;8,14871809326556;8,45022687592354;
0,0219952765061855;0,322991833796295;0,623975049032185;0,924769531055127;1,22538863274365;1,52638822396884;1,8272118993482;2,12818909266087;2,42921068172368;2,73007891981617;3,03081872451977;3,3316140962015;3,63265907726359;3,93365285579539;4,23451301294235;4,53527970909358;4,83613779718724;5,13719168440638;5,43828344882731;5,73896753756533;6,03991479700668;6,34112380892498;6,64213606180972;6,94326397476991;7,24440029039846;7,5453868019186;7,84635049459069;8,14725023793968;8,44865528590775;
0,02120998886992;0,322111440669028;0,62304137678269;0,92386086835202;1,22448257745239;1,52540734462732;1,82624254200601;2,12716182060835;2,42826553951915;2,72893899142867;3,02975165470585;3,33058037944814;3,63152672976197;3,93255145504226;4,23340781691787;4,53421126413063;4,83514527397467;5,13598860188467;5,4368730912334;5,7377571492282;6,03891888226738;6,33997119045254;6,64090081427369;6,9419205996337;7,24327885803818;7,54389566352799;7,84489050689944;8,14629209168617;8,44753366738243;
0,0202430028482876;0,321150128074504;0,622024957960952;0,922784405218358;1,22373815190156;1,52443772776569;1,82541818951787;2,12630744773191;2,42710840915935;2,72779507398688;3,02879619497334;3,32968035140297;3,63057879552318;3,93164655929189;4,23228376459646;4,53302513691413;4,83419651367414;5,13520414373185;5,43587469854438;5,73667589692199;6,03770259218148;6,33876100119196;6,63954615321909;6,94071804770599;7,24188069917068;7,54280233037742;7,84388553126766;8,14522454445325;8,4462501531424;
0,0195217256199767;0,320317599280862;0,62111201804455;0,922005665631697;1,22277845187462;1,52353123311331;1,82454992945669;2,12541816540936;2,42616589210274;2,72715117850937;3,0280015125629;3,32868351047902;3,62952805511921;3,93031122354404;4,23132200802591;4,53213395993005;4,83314492350051;5,13419864166695;5,43503661295018;5,73578682053142;6,03669117002741;6,33766152043397;6,63868191043827;6,93963249236328;7,24067095983352;7,54187318511705;7,84299332558325;8,14385452364154;8,44510116522513;
0,0187528835530921;0,319590615902836;0,620473064778562;0,921383135947461;1,22213326676277;1,52287161784291;1,82376286072148;2,12461118271303;2,42528027302448;2,72619822060845;3,02709271623834;3,32781839838098;3,62850809163818;3,92920911206992;4,23018634483226;4,53112687865366;4,83202831297269;5,13265360034897;5,43349163495989;5,73461914194566;6,03572728963072;6,33673719223581;6,63756208475338;6,9386874816545;7,23967442502973;7,54082504757755;7,8419104394252;8,14275545336472;8,44370310625864;
0,0180092707244714;0,318804188027352;0,61963996972128;0,920543259558348;1,22147016347361;1,52208855796285;1,8227763244728;2,12370637058016;2,42439425716998;2,72515232269762;3,02607078381061;3,326867423561;3,62771391106115;3,9285774324081;4,22937257883359;4,53009148506764;4,83087556434055;5,1315657919808;5,43252147330657;5,73355351035938;6,03459795414748;6,33563760095753;6,63649463787745;6,9375090212717;7,238518063246;7,53959161298366;7,84069541795627;8,14160201118646;8,4425347672632;
0,0170897211114127;0,317763509907509;0,618630449242137;0,919736391347085;1,22060898798206;1,52127602237791;1,82190855065766;2,12293415607949;2,42373052331407;2,72435893453294;3,02515136002307;3,32591350646672;3,6270469006716;3,92785012723352;4,22852589348327;4,52935739245154;4,82989713396646;5,13098355060357;5,43190824981184;5,73259698385718;6,03351446869908;6,33442085889033;6,63539508024525;6,93649240269187;7,23735392910266;7,5383073206984;7,83938688282383;8,14014278942483;8,44133467756217;
0,0164619277492344;0,317079344371128;0,617920044745308;0,918780249958235;1,21957271903202;1,52036233708983;1,82110489731062;2,12205888399928;2,42281662098661;2,72349811237236;3,02429223811787;3,32521503704785;3,62581476680697;3,92650074205149;4,22756358157696;4,52841126102302;4,82904934701067;5,12979323765297;5,43069698306842;5,73141206883651;6,03245990047083;6,33349840344374;6,63425010210484;6,93532543701043;7,23625094530252;7,53696250780745;7,8381263454165;8,13929072477898;8,44019423985094;
0,0156470381751337;0,316347794874594;0,617236140157416;0,917913579417169;1,21866321175974;1,51962568538202;1,82027575949025;2,12099954762514;2,42183809834283;2,72265330287887;3,02335294719458;3,32429226519601;3,62478608989412;3,92514893765878;4,22631796956476;4,52736111106855;4,82805809691033;5,12865320005427;5,42936190316926;5,73037428477455;6,03148620832047;6,33244024205574;6,63311601206017;6,93416968132425;7,23528956869723;7,53606149586219;7,83704907039615;8,13815188337681;8,43903312620404;
0,0149198177680026;0,315699357394445;0,616574830449056;0,917342645768529;1,21807149738678;1,5188942112801;1,8195955615453;2,12026299968749;2,42109591422669;2,72172638866499;3,02229458061441;3,32320983878732;3,62396080041184;3,92425101753379;4,22520474728546;4,5262527697671;4,82696733756988;5,12764353039002;5,4284101821989;5,72943553667799;6,03020790035425;6,33131289833686;6,63204025753243;6,93314634547044;7,23415252041455;7,53511069586863;7,83593089811356;8,13673930082787;8,43806413542272;
0,0141028074677756;0,314918679907948;0,615860048493282;0,916568605790453;1,21716181636725;1,51790576450274;1,81866282300084;2,11949959264108;2,42030804092586;2,72094786927877;3,02158459042791;3,32233307414279;3,62305390582757;3,92377187843005;4,22467609550386;4,52541140743216;4,82588460793583;5,12660582462413;5,42755418591335;5,72842887807236;6,02936548219465;6,32997441494718;6,63095951667732;6,93214509885169;7,23291012644592;7,53388939226481;7,8348241749886;8,1357382022761;8,43700816080701;
0,0132863671559669;0,313922791739325;0,614828603261527;0,91555161918538;1,21629409140647;1,5170690662831;1,81784404333356;2,11854298605172;2,4192960621206;2,7200541869555;3,02083096718808;3,32146688735509;3,62212377210528;3,92304912431429;4,22380499822628;4,52434356284376;4,82479212517488;5,12559233232574;5,42653481305262;5,72757258205041;6,0285469996225;6,3292789812592;6,63008346381173;6,93101523895394;7,2318313489862;7,53294574177454;7,83398384006642;8,13477611437161;8,43591111134484;
0,0126248631637269;0,31338017487036;0,614136088716176;0,914867222247661;1,21547297199725;1,5162589020788;1,81703308975729;2,11761136458209;2,41846505352283;2,719166752922;3,01978713965728;3,32049112464339;3,62116340085519;3,92204609349307;4,22288116618332;4,5233882474563;4,82397888011965;5,12479028191846;5,42556440774371;5,72661945137627;6,0274772678577;6,32817751705974;6,62919884540856;6,93008046831102;7,23127596560357;7,53209058104109;7,83285467014809;8,1337530907518;8,43474839661494;
0,011818792531991;0,312556705097164;0,613450234434674;0,914172741331857;1,21492197022123;1,51557754723868;1,81624913767692;2,1168165514831;2,41752137599055;2,71823582011497;3,01884822658069;3,31946682677124;3,62011006600993;3,92105472377115;4,22195452574954;4,52254091270705;4,82328377807632;5,12415714468645;5,42486410033294;5,72557602327692;6,02639698199245;6,32721566212055;6,62813157662861;6,92921272886686;7,23025124824893;7,53089887592773;7,83176828993829;8,13284044096918;8,4337407077448;
0,011029515373628;0,311793811544749;0,612725434598463;0,913378719202252;1,21421014363908;1,51478266647681;1,81533779252392;2,11604564875589;2,41667643933422;2,717504654475;3,0181117454731;3,31894434614904;3,61973820550585;3,92024603208163;4,22099408069615;4,5217401846366;4,822405974629;5,12325342367579;5,42406477679386;5,7247591147742;6,02564327201104;6,32646532834929;6,62725614838653;6,92818736664935;7,22908454759603;7,52995883268651;7,8308426870375;8,13175932970055;8,43288858378971;
0,0104684556610515;0,311167724425042;0,612009175927485;0,912675319170534;1,21342619767066;1,51408610493565;1,81474445049317;2,11532393313841;2,41595149983682;2,71672144835243;3,01737578379162;3,31833910533116;3,61911213827061;3,91956811340853;4,22018933829119;4,52077332164199;4,82130727678548;5,12208269875741;5,42310395869034;5,72396496678695;6,02461946924352;6,32566169588934;6,62643707830756;6,92737940814068;7,22821856448511;7,52920322861915;7,82990419444139;8,13072743310018;8,43184341963536;
0,00986873658754739;0,310452920755452;0,611230798851375;0,911832192498631;1,21243406160447;1,51330541966443;1,81399838411377;2,11454324629414;2,41520034999848;2,71597063462586;3,01651631520593;3,31738717162096;3,61811768266916;3,91873661262073;4,2193659266826;4,52004008055337;4,82050137840533;5,12142702272168;5,42226373214925;5,72285026259469;6,02333489105181;6,32444908814939;6,62566472575701;6,9263129924042;7,22740600352933;7,5283157948384;7,8288073080091;8,12969617933872;8,43073926408261;
0,00915531316109153;0,309829956370335;0,610478846673073;0,911105638683634;1,21177954160914;1,51268595942204;1,81325232062512;2,11376045544585;2,41451047504281;2,71540377752619;3,01594990217822;3,3166389475669;3,61726749795377;3,91787565974467;4,21831328527546;4,51888542939606;4,81987745726413;5,12068768646338;5,42119609094346;5,72188009599898;6,02264589917611;6,32346979433227;6,62433631999275;6,92502146742785;7,22617951621945;7,52724005205102;7,82786593060559;8,12865613390236;8,4295575366493;
0,00853527045281233;0,309196143874285;0,610029767338544;0,910542472572175;1,21111769228174;1,51173514356028;1,81249844423528;2,11313766367307;2,41382728581897;2,71454466732336;3,01508394450805;3,31577478350756;3,61649067791248;3,91696118820322;4,21752730322806;4,51817347781104;4,81903576130333;5,11987767455136;5,42029743494841;5,72128115540241;6,022112255729;6,3226767921173;6,62329020484509;6,92420444583582;7,22527058322673;7,52611759765628;7,82696293190372;8,12774903560952;8,42847568466746;
0,00790168873765218;0,30867085287993;0,609434564578843;0,910000575855272;1,21036718908939;1,51099654313265;1,81175213017669;2,11244187204591;2,41308870086241;2,71367629725835;3,01418529625697;3,31488955188136;3,61575305164563;3,91624764653806;4,21666303278379;4,51748605849929;4,81822207415966;5,11896198876952;5,41952641625112;5,72009164257402;6,0209874172117;6,32187303486453;6,62269529084547;6,92348486756205;7,22438612126364;7,52547615657873;7,82629781725968;8,12698345900396;8,42773681115516;
0,00728762123502502;0,307928188758513;0,608502695110059;0,909288774339384;1,20972635508931;1,51026087364486;1,81092175015221;2,11162724371923;2,41233011447556;2,71283836743755;3,01372731201283;3,31440805542461;3,61506538764566;3,91547483658714;4,2159185372737;4,5166065432884;4,81734120245065;5,11802316253309;5,41852344917154;5,71912758688545;6,02024919152764;6,32086490408271;6,62185260272247;6,92278772127263;7,2234679515272;7,52459915539094;7,82543971682873;8,12607074119692;8,42687995576567;
0,0065350236529822;0,307158849924823;0,607608638489785;0,908410037511306;1,209095862183;1,50970806039273;1,81018862733496;2,11077158239443;2,41148878216804;2,71214574927669;3,01289457737368;3,31368233675715;3,61437663130695;3,91480764864339;4,21525809984732;4,51565133527426;4,81642368915814;5,11716216591277;5,41799796970658;5,71861458837103;6,01945773772114;6,31999518904888;6,62094569758602;6,92173582360104;7,22254747723183;7,52333321017045;7,82421470033579;8,12500468136715;8,42579355373983;
0,00595360991906713;0,306609015656387;0,607045850012701;0,907762249722089;1,20868698817878;1,50937013679353;1,8096332259982;2,1102163767429;2,4108947112997;2,7115449909629;3,01212868839711;3,31265814162531;3,61317637284832;3,91380813488217;4,21449769096793;4,51496538374272;4,81561613184312;5,11630335120926;5,41712155041762;5,71778640343141;6,01838860846493;6,31906584809487;6,62010076199291;6,9208499226144;7,22162697659899;7,522358446037;7,82318285135373;8,12423580847599;8,42485809770894;
0,00542836397772373;0,30593653801062;0,606478682312623;0,907052807553868;1,20786034860166;1,50854933304172;1,80918319932325;2,109845595679;2,41027167637729;2,71079399273597;3,01150178593342;3,31194172673756;3,61235383462709;3,91301241962753;4,21383769554383;4,51438916573767;4,81486297704947;5,11564587675365;5,41626701007969;5,71699497388418;6,01763445731767;6,31833154306105;6,61916114068319;6,92000762787755;7,22102697925645;7,5216319849412;7,8224549597006;8,12327452194887;8,4238123253554;
0,00455889691848643;0,305099412826056;0,605743215612142;0,906347089680632;1,20701766139696;1,50763967108098;1,80830178697227;2,10901016731788;2,40950587326975;2,71005539600242;3,01070485331022;3,31121088819689;3,61177153062501;3,91237010147804;4,21311363288189;4,51369564544858;4,81418937894745;5,1148138145276;5,41541237278127;5,71647412396515;6,0170938515098;6,3176257823182;6,61823147632968;6,91916608477653;7,22017820702088;7,52098047563695;7,82182949592592;8,1225596732423;8,42296512801134;
0,00395230749033448;0,304707693129818;0,605046098822492;0,905691868876241;1,206404894438;1,50688881860986;1,80747515737616;2,1082374417821;2,40891193094867;2,70951782098136;3,0101023126039;3,31047555774841;3,61101419469808;3,91165147585522;4,21216700727379;4,51270876342595;4,8133127354214;5,11401042957646;5,4146894407468;5,71559604512056;6,01613763486108;6,31690579556861;6,61757871226885;6,91842663844299;7,2191734680122;7,52009027856726;7,82100699212445;8,12179613144706;8,42223036298724;
0,00336590780492685;0,304173604284427;0,604659685650362;0,90513582303542;1,20579259017761;1,50638605749762;1,80700089329862;2,10769624098478;2,40828187161895;2,70891112291163;3,00968631662012;3,31002623370546;3,6104688754676;3,91093821625452;4,21134887258614;4,51193299518927;4,81265170844268;5,11348044861909;5,41420325776072;5,71466688547813;6,01525887930704;6,31610239642319;6,61694684071313;6,91784590285938;7,21863233464315;7,51934865394305;7,8200372227456;8,12055820327288;8,42134586568287;
0,00271463833924823;0,303413467152736;0,604085094753612;0,904799047959704;1,20538410499303;1,50593752658366;1,80640830796302;2,10717680454277;2,40757303929912;2,70797755677227;3,0086618100704;3,30906816646856;3,60975274006475;3,91032245525429;4,21067980849333;4,5113685325704;4,81204353645359;5,11275521264519;5,41336578740113;5,71389710174332;6,01448355049611;6,31512110727539;6,61594924797533;6,91711629387344;7,21792296728641;7,51854996933604;7,81925274819624;8,11998771198616;8,42089704240601;
0,00221061535459555;0,302811966882193;0,603501269816178;0,904087654518917;1,20468746195537;1,50525050817538;1,80573237059184;2,10637488763684;2,40706901817411;2,70749736915304;3,00797516985717;3,30842398989609;3,60900087170367;3,90970267675378;4,21023600004146;4,51093720530389;4,81142076702833;5,11203636411879;5,41261169261852;5,71325602058034;6,01377371475684;6,31439942937078;6,61517250303727;6,91626376581918;7,21705482806585;7,51757759976903;7,81839549599882;8,1194033442647;8,42008387785657;
0,00148603022246263;0,302146914768471;0,602835984439429;0,903322616550479;1,20386574887302;1,50452658854942;1,80497613272738;2,10554550858396;2,40640269523931;2,70677535080747;3,00726449251762;3,30797540520028;3,60834511163928;3,90903685534822;4,20981745878497;4,51021116959788;4,81059616466318;5,1112653164365;5,41192130031827;5,71247888574602;6,01306141480612;6,31383721181173;6,61468478205948;6,91546653100864;7,21635845776666;7,5169559439326;7,81758911815324;8,11818157130227;8,41884805754281;
0,000914151179108202;0,301531085357103;0,602270817384522;0,902760229384401;1,20352287274123;1,50402564716766;1,80439272950412;2,10499115646435;2,40567850742521;2,70604100613959;3,0065290174642;3,30718530156901;3,60772451974518;3,90835271122926;4,2089076299988;4,50951482299636;4,80997750355149;5,11035971954926;5,41106678101834;5,71172357566192;6,01219780398565;6,31312263768834;6,61386823178126;6,91455868216142;7,21556660119259;7,51629074871119;7,81684935633277;8,11751730227131;8,41826887884763;
0,000589452179785788;0,301066877619121;0,601645555295278;0,902412320398029;1,20287928166701;1,5034526646929;1,80382521772901;2,10443298734454;2,40511102968325;2,70554771236426;3,00604930026366;3,30669282396762;3,60718243986433;3,90752457474671;4,20798843696504;4,50855346901682;4,80907364644284;5,10955813375713;5,4101585306836;5,71110644913004;6,01161027996024;6,31249031012809;6,61302834021164;6,91362822703094;7,21456433505542;7,51537343875026;7,81608699161369;8,116838620218;8,41752810801011;
-9,07528527998025E-05;0,300453265106772;0,601100333139858;0,901879096511066;1,20218833511909;1,50275925094239;1,80335396858088;2,10395872370094;2,40443341359026;2,7048393337326;3,00540500043719;3,3059482465499;3,60659269273085;3,90709901601379;4,20740203648759;4,5076635971791;4,80834132569354;5,10916818874311;5,40961210502601;5,71014871346333;6,0109815910063;6,31174575335699;6,61232336560398;6,91314443162599;7,21404645577183;7,51447731555617;7,81518031947388;8,11607590373685;8,41672204329182;
-0,000506546687685017;0,299972073911338;0,600727393634219;0,901313375163353;1,20181224667573;1,50223004618529;1,80276961377815;2,10330627858773;2,40359477624459;2,70412778614651;3,004697040509;3,30504897045229;3,60593505251595;3,90663557205205;4,20696679736627;4,50740488862511;4,80804349225014;5,10869200846623;5,40923134204556;5,70960172158881;6,0102268834712;6,31103243785632;6,61200465260711;6,91274375029003;7,21330850371377;7,51358727251406;7,81459550301512;8,11541237054367;8,41606032774575;
-0,000975060413443529;0,299563025161016;0,600206810570632;0,900769497275425;1,20131877492446;1,50175888405733;1,80222771989687;2,10282846699743;2,4031677427455;2,70374336846075;3,00420919733903;3,30466036653294;3,60537124474447;3,90598887568612;4,20631897766479;4,50677072599044;4,80736047215354;5,10799041655978;5,40867221986474;5,7093121408517;6,00987357289304;6,31052407597776;6,61135613518374;6,91210177233262;7,21255182083736;7,51307676930093;7,81409731205179;8,11461872973569;8,41523295574332;
-0,0015000424263949;0,298937747931528;0,599616105473481;0,900149378141914;1,2007145733281;1,50122260659838;1,80178348812511;2,10243335903977;2,40279760190066;2,70339961237296;3,00355763467351;3,3041052422231;3,60480899294126;3,90538556676002;4,20580322684324;4,50608063695155;4,80664870755664;5,10743698162951;5,40817132265019;5,70867350103675;6,00927401747043;6,30984951971564;6,61054307311854;6,91126713495307;7,21198391185867;7,51265465093771;7,81326152277605;8,11368237611408;8,41432008147634;
-0,00199762611016485;0,298596563701556;0,59923415707269;0,899659035638738;1,20015427228443;1,5006947607333;1,80122335768023;2,10176162134863;2,40220892242874;2,70273870798163;3,00295009905615;3,30344226993136;3,60412442748435;3,90474975884246;4,20528393581144;4,50569133150235;4,80626923290868;5,10685422719296;5,40725904008331;5,70784568498204;6,00853765033708;6,30925503630143;6,60977666708037;6,91053546172363;7,2113761704661;7,5119935671815;7,81258401705443;8,11316900896549;8,41407868140948;
-0,00249144321723005;0,298202622984514;0,598774298969558;0,89927748404472;1,19970174075844;1,50016092442982;1,80049382131224;2,1010301919062;2,40162240680072;2,70214126766074;3,00251512899882;3,30291553925963;3,6035788171949;3,90418898366126;4,20467664555146;4,50509149683979;4,80571850138122;5,10624827406574;5,40652467955177;5,70711031326256;6,0078384638871;6,30866307924388;6,60910732533164;6,90974292238788;7,21065662185171;7,51139186647928;7,81220499019223;8,11292028346102;8,41363635647111;
-0,00296915578528001;0,297508868635899;0,598195926812323;0,898695993695782;1,19904517880338;1,49966215514314;1,80010751521086;2,10055285445458;2,40117360069083;2,70166188045039;3,00213489784716;3,30237912073296;3,60287874854297;3,90351045104965;4,20405524699444;4,50448866391612;4,80509604616281;5,10565885917423;5,40605028667665;5,70665487138586;6,00735150409075;6,30809763963231;6,60871936105869;6,90926264887992;7,21001298958706;7,51100527088757;7,81154192217105;8,11208288906665;8,41281783505592;
-0,00339853672650037;0,297104167503285;0,597676407862895;0,897880919114348;1,19837150685805;1,49907900756023;1,79972004167497;2,10007197010234;2,40060259753159;2,70103669645482;3,00156225084064;3,30191651343325;3,60226277245047;3,90301098867075;4,20367370695701;4,50411916671847;4,80458502729213;5,10501979109724;5,4053391982354;5,70590830690915;6,00674441104952;6,30735346416347;6,60797716297327;6,90860286433614;7,20931468393257;7,51035057342741;7,81088902046018;8,11152329622182;8,41231433582661;
-0,00370181281047266;0,296922058259931;0,597277399805893;0,897502061493593;1,19800492366927;1,49869369885135;1,79904378630795;2,09943485911813;2,40030789934496;2,7005920094395;3,00093038163214;3,30147367077218;3,60187454851375;3,9025500138318;4,20314848154635;4,50348395349932;4,80383156853314;5,10441149854588;5,4049050723825;5,70552565279537;6,00629625279951;6,30672195404449;6,60729693198435;6,90797947528591;7,20880500152734;7,50978556702579;7,81027654335178;8,11069888240182;8,41152027310567;
-0,00443039939140366;0,296160943718539;0,596663136728591;0,897188203059019;1,19761591712382;1,4980680148675;1,7984419609851;2,09891046441503;2,39965204025042;2,70003226813902;3,00035814652819;3,3009198354034;3,60115845896022;3,90193424527979;4,20253031349566;4,50284952156073;4,8032541394179;5,10379187576003;5,40456757789656;5,70519934221422;6,00563040518747;6,30624914619785;6,6067699187785;6,90751083707283;7,20835837701998;7,50924734172676;7,80977284227632;8,11018320708385;8,41084068135081;
-0,00501408707249951;0,295351277608432;0,596140162755579;0,896717562215079;1,19712823972605;1,49760941864148;1,79803721887721;2,09850299522277;2,39912820983898;2,69948812299203;2,99984443587086;3,30052807683095;3,6009981815529;3,90154513316229;4,20212393978551;4,50244712700901;4,80265434495233;5,10307671863135;5,40371936955625;5,7044476482048;6,00497489273868;6,3057530888823;6,60629666165151;6,90684664828082;7,2079398685346;7,50878665537422;7,80940414223179;8,11000731970075;8,41051881794294;
-0,00539727610953022;0,29507356058169;0,595755111195334;0,896627595819427;1,19696009365864;1,49713491842886;1,79768177660726;2,09822429941433;2,39872725716775;2,6990572845741;2,99945085617329;3,30023812040007;3,60083451388609;3,90115216190812;4,20158378345644;4,50192867088878;4,80207339420753;5,10261023372217;5,40316276950081;5,70379985476772;6,00449113806569;6,30538386609101;6,60571487903778;6,90638697287309;7,20744133293722;7,50818734633663;7,80877933165648;8,10945316157315;8,4100118488249;
-0,00574010188167229;0,294709974677663;0,595349146981127;0,896084123109542;1,19642539021236;1,49650503010039;1,79720442963502;2,09782487720824;2,39828791344015;2,69864802107718;2,99901710168046;3,29951086076521;3,6001764161281;3,90058272369621;4,20114969285303;4,50153838308006;4,80186748429031;5,10249270356591;5,40295843868665;5,7033575230229;6,00406053919766;6,30464737295947;6,60533701621925;6,90606039837823;7,20683501334522;7,50748792248928;7,80817212957976;8,10887104741149;8,40941957077837;
-0,00605971697545282;0,294413901115152;0,594817872780374;0,895440347169988;1,19591625906406;1,49627742203942;1,79669664283639;2,09731262411711;2,39782497603731;2,69822840924858;2,99863738405365;3,29902089843121;3,59946316707074;3,90001280442495;4,20066469616464;4,5012075842349;4,80143808037331;5,10193427193793;5,40252600187404;5,70308712212348;6,00366138540795;6,30414521519499;6,60474102606494;6,9056109587421;7,20632828350787;7,5068880810505;7,80758047135705;8,10830576101973;8,40880248493357;
-0,00659499222559656;0,2939430020117;0,5944093359;0,894960172981782;1,19550449639203;1,49579687825857;1,79627902927855;2,09693701304647;2,39740805831156;2,69784275097957;2,99837047417647;3,29870198955654;3,59897968189031;3,89953848501968;4,20008683613973;4,50073950068925;4,80099258082822;5,10152430842988;5,40194958298194;5,70246092540665;6,00319866147856;6,30390815992158;6,60425489169206;6,90495800247875;7,2060151081225;7,50659452825178;7,80705288784816;8,10776089618104;8,40838920532629;
-0,00698339165678608;0,293540839621289;0,593935158713508;0,894432402041451;1,19497756923355;1,49545167419983;1,79597389920582;2,09657044174546;2,39695295232185;2,69739551535718;2,99794672150524;3,29830375776856;3,59856760690127;3,89908323314949;4,19969870160404;4,50037013762558;4,80061282513611;5,10105322783195;5,40154231282796;5,70212421256251;6,00290669028466;6,30358026623078;6,60390903841332;6,90430646957273;7,20539980585235;7,50616880576012;7,80662760898789;8,10730117538221;8,40804551036043;
-0,00732909902127155;0,293105073217188;0,593367560942383;0,893890353457739;1,19449362310786;1,4950881670699;1,79559837727618;2,09600113083707;2,39644427769978;2,69674600672879;2,9972818273231;3,2976781905913;3,59811673978023;3,89868239973608;4,19915621968609;4,49960953083433;4,79983917774467;5,10037923160214;5,40096432397288;5,70172564826484;6,00251165731108;6,30296454757267;6,60331515824839;6,90391714807767;7,20479100844991;7,50547871827993;7,80636952889413;8,10681300349852;8,4074589663024;
-0,00772070944923975;0,29268458685056;0,593186981314397;0,893541213229775;1,19405987346337;1,49458495906101;1,79528392567783;2,09555267127695;2,39584561095715;2,69624588324729;2,99673607255438;3,29714141540472;3,59757803988611;3,89817830826577;4,19870749798259;4,49929784413139;4,79959247736868;5,09998704860156;5,4005322055741;5,7011603996317;6,00215205444676;6,3024872192671;6,60296199539249;6,90379694041591;7,20444695411094;7,50511021770166;7,80604615214464;8,1065088523868;8,40699273099622;
-0,00818071850544833;0,292398432790137;0,593021428777032;0,893335281764314;1,19365114294748;1,49408952388439;1,79478644299418;2,09532485309231;2,39558697333709;2,69600810660678;2,99643785758571;3,29688451679079;3,59720173687184;3,89764512021583;4,19813219832845;4,49865735574116;4,7990774417246;5,09968366210293;5,40009440990114;5,70068173229659;6,00162165755401;6,30215259822255;6,60259511335358;6,90351860620657;7,20414357940975;7,50468360605647;7,80526040361523;8,10597612622296;8,40657040419822;
-0,00854669242379913;0,292126453123399;0,5928079610078;0,893061562709529;1,19334143252123;1,49374600749113;1,79433176669847;2,09481968051027;2,39528297460469;2,69573266340828;2,99601382414761;3,29661459915711;3,59690216429955;3,89742941214085;4,19785722187519;4,49815651865475;4,79868644575062;5,09938160873784;5,39977281210469;5,70036589495954;6,00106272120545;6,30167955587416;6,60235509418059;6,90288756198242;7,20359145009866;7,50434134127693;7,80480788702863;8,10544240342433;8,40627668428374;
-0,00886375305496134;0,291734537073845;0,592236307735054;0,89266800320121;1,1931275169838;1,4935008990691;1,79390746924359;2,0942229074021;2,39482577187139;2,69513823143443;2,99561966180112;3,29625821841571;3,59683470735724;3,89722534958315;4,19750530278734;4,49791876983893;4,79844490997044;5,09901729527785;5,3995775352866;5,7001990751728;6,00066418764835;6,30100069989401;6,60173649657753;6,9026289943615;7,20326861415509;7,50394864693432;7,8045317703666;8,10520685628481;8,40606051491315;
-0,00926930254547642;0,291209705002979;0,591691984228964;0,892295558901476;1,1928404475366;1,49327320723511;1,79348435960175;2,09383406816778;2,39451963587264;2,69491766551814;2,99531891266897;3,29597035043205;3,59635373925912;3,8966992962389;4,19708066127462;4,49747502218874;4,79810676435489;5,09862653729983;5,39911923940934;5,69979220183656;6,00045325780798;6,3006549592233;6,60111758071469;6,90226381040639;7,2029998328762;7,503572160358;7,80428057299785;8,10507040226298;8,40583841340959;
-0,00952171723120365;0,290922506504415;0,591316008753726;0,891869010284011;1,19243895364862;1,49279328079677;1,79322509673102;2,09369894889743;2,39431585270421;2,69467447585119;2,99505234139071;3,29552194475685;3,59582249289795;3,89609517019831;4,19682007687894;4,49722957782963;4,79787397960686;5,09833110956413;5,39876116747701;5,69927996109729;6,00005300877617;6,30036138876295;6,60087922297941;6,90166849053247;7,20234446643208;7,50321354411696;7,80383896175684;8,10461888433395;8,40532083498492;
-0,00978458644071001;0,290611140890812;0,591137695370899;0,891628903851419;1,19202206988044;1,49238168102664;1,79297784987201;2,09353611972719;2,39392208090624;2,69429910927604;2,99470529920576;3,29516432872176;3,59555405932033;3,89596400429772;4,19647069177716;4,49716003666455;4,79767801714668;5,09811920405412;5,39853728381131;5,69878653318535;5,99947644315038;6,29999014564024;6,60058896289626;6,9014747251299;7,20212722776277;7,50302592167278;7,80330720190368;8,10405714928875;8,40479265181107;
-0,00997854406082244;0,290351187391098;0,590877927440427;0,891366557631352;1,19173563189146;1,49201643344966;1,79265008068493;2,0932479572569;2,39347766829856;2,6940439016202;2,99447154915668;3,29490187510285;3,59532805094053;3,89582692650316;4,19656841469564;4,49688219690298;4,79724967366823;5,09771278520337;5,39832397775188;5,69865695569495;5,99922969803589;6,29966923068841;6,60031219422462;6,90115814564928;7,20200468798499;7,50272252210294;7,80322756377183;8,10390343260636;8,4045467769146;
-0,0103397944130794;0,290048239477977;0,590558018367676;0,891022205803237;1,19142196491246;1,49160769202317;1,79225017870977;2,09284942195546;2,39311570241332;2,69351458281971;2,99414688780879;3,29463199362986;3,59506661376558;3,89558413734571;4,1960058107432;4,49633638707391;4,79685218162311;5,09738922779651;5,39796839906257;5,69849827553147;5,99885036225966;6,29931792861452;6,59985563181253;6,90060170145033;7,20160163349667;7,502321192386;7,80297419643152;8,10380151654026;8,40442507456463;
-0,0107700189984259;0,289660028312891;0,590236892009934;0,89066615790005;1,19110198147968;1,49150517491561;1,79186744921609;2,0923711136809;2,39284376252708;2,69314146935541;2,99372595573009;3,29432055093115;3,5946426840022;3,89501355177052;4,19552112285767;4,49613107599738;4,79659598013126;5,09689564694526;5,3974838110082;5,69799348729275;5,99845012430412;6,29924684226018;6,59971895358895;6,90045036776168;7,20118822515109;7,50192073464491;7,80279314492213;8,10335649872878;8,40411303418843;
-0,0111747812860559;0,289413119574791;0,590052286267045;0,890465729127779;1,19085474599987;1,49131152464682;1,79164288311496;2,09209997496093;2,39262520332732;2,69292342523428;2,99345888031951;3,29401858793066;3,59440840070236;3,89468706584845;4,19524697867665;4,49593135311463;4,79638284143468;5,09653930240972;5,39709334402691;5,69755545521222;5,998146679442;6,29895710183614;6,59968261734868;6,90034930331104;7,20088838777931;7,50166155497771;7,80249271646282;8,10325807801822;8,40385976089255;
-0,0114390063340091;0,289128250492955;0,589756652698107;0,890176706610618;1,1904776209482;1,49100073992649;1,79148479856346;2,09201887006191;2,39252555709142;2,6929139217423;2,99334145454445;3,29390100479153;3,59426492509377;3,89457899289916;4,19507114892095;4,4954581695211;4,79587841526341;5,09639025405881;5,39687862897823;5,69736792503612;5,99798812845535;6,29869267551181;6,59965371293733;6,90028046220116;7,20063291626268;7,50141764612064;7,80235619763958;8,10288235034298;8,40326142540454;
-0,0115930626470639;0,288888337987719;0,58942573120976;0,889821927466503;1,19028911068306;1,49071555987206;1,79127096175987;2,09176934099154;2,39220119934536;2,69274517653991;2,99307213586885;3,29365466941358;3,59408234488241;3,89454325223747;4,19501741572111;4,49511026501907;4,79557759344435;5,09605007284646;5,39669276884192;5,69742412537751;5,99791761618432;6,29840066234732;6,59928140036367;6,89987723512108;7,20023761675756;7,50103626040529;7,80207698174541;8,10253468396519;8,4030740538773;
-0,0117765526472819;0,288569367444305;0,589147391636897;0,889660233466657;1,19019992777933;1,49038363688504;1,79084006790845;2,09158429633084;2,39215365872473;2,69248392007227;2,99280145261278;3,29354180196656;3,59377526968786;3,89415907720723;4,19455931525381;4,49504859496848;4,79566049136901;5,09593785862502;5,39636806502216;5,6972253064622;5,99773406332493;6,29814790570846;6,59900410455408;6,8997388724831;7,20036938467602;7,50092444651778;7,80187635497166;8,10250766895764;8,40323019714221;
-0,0121213630511896;0,288321477462102;0,588918007150911;0,889499493853656;1,18976608068504;1,48996314440717;1,79070994559965;2,09139038686254;2,39187716482129;2,69221457386701;2,99265225395612;3,29339916929004;3,59368266901108;3,89399492120812;4,19436309658177;4,4949603001899;4,79550641095849;5,09588238163336;5,39622190293177;5,69686282355025;5,99738133899546;6,29806094828686;6,59890091998695;6,89956681994584;7,20023728825462;7,50073459291089;7,80138200890083;8,1021948757472;8,40300360602303;
-0,0123440534114003;0,288118945022044;0,588451102733754;0,888986005448302;1,1895446947819;1,49004688770372;1,79059129480965;2,09096249815429;2,39139763746061;2,69200351056892;2,99246243140804;3,29304127242982;3,59333493070257;3,89371279495832;4,19429197841824;4,49473770090355;4,79510919501676;5,09578018528169;5,39635049206998;5,69681436125763;5,99707575741995;6,2978493179942;6,5986341356443;6,89911553701643;7,1998611968238;7,50044368882452;7,80110957002213;8,10198404406186;8,40280200650659;
-0,0125692454654631;0,287873005628485;0,58832575582816;0,888805370827774;1,18914341132595;1,48965082760007;1,79019198405284;2,09064293508387;2,39120767360874;2,69176571991394;2,99205286048832;3,29247349893851;3,59290730473391;3,89343464141119;4,19409772908401;4,49456529344365;4,79507755594763;5,095694963563;5,39602880252106;5,69660005743184;5,99715372747468;6,29768557948044;6,598431264315;6,89898242945254;7,19978065230044;7,50047639210684;7,80113631894278;8,1018370768204;8,40255243063434;
-0,0127943774903079;0,287718748109699;0,588243537294836;0,888678556535405;1,18883599054893;1,48926631844204;1,78984282750743;2,09048340039916;2,39117532290894;2,69167037505102;2,99178680945371;3,29219401324055;3,59271022375581;3,89328549942954;4,19388031864509;4,49428779761566;4,79477758019299;5,09537310148851;5,3957711878403;5,69635093794922;5,99706650759181;6,29746303842004;6,5981237941785;6,89877162542599;7,19956185784109;7,50037974646898;7,80116903987149;8,10181299217003;8,40255686135734;
-0,013120651353435;0,287385740476005;0,587877223663167;0,88832311012421;1,18881313856374;1,48909943878525;1,78969295555411;2,09028306479882;2,39079535642965;2,69131309992717;2,99163645936344;3,29212878815329;3,59248534162455;3,89303503972331;4,19358706802472;4,49412911082915;4,79449553372441;5,0950704406967;5,39569486738123;5,69622709314365;5,99687695297116;6,29747044788752;6,59792181857;6,89874597379701;7,19952637611304;7,50042931861135;7,8012201169157;8,10171941779953;8,40238637648308;
-0,0134299514253113;0,28717602033812;0,587773065810797;0,888136567483976;1,18870810083253;1,48903138037063;1,78965466368585;2,09031811788285;2,39059120839581;2,69105554843607;2,99154502255692;3,29211164409068;3,59235185353606;3,89273837731417;4,19327406570708;4,4938632186466;4,794279892339;5,09482031276965;5,39543895825525;5,69587066435219;5,99654899818522;6,29715677738313;6,5977055622816;6,89860700809352;7,19948582125536;7,50021689496475;7,80098447751391;8,10163794122426;8,40226477671244;
-0,0134727176632543;0,287099668096932;0,587604249441217;0,887966299670572;1,18852373987551;1,48909403775428;1,78963182014666;2,09011240391996;2,39045141259681;2,6908649994294;2,99142849814457;3,2920017006823;3,59216895045869;3,89243628137664;4,19301662261072;4,49355031057907;4,7942119113917;5,09479440898752;5,39531552187615;5,69592069814006;5,99633375042431;6,29689660294245;6,59778655824788;6,89846115804085;7,19929280123877;7,4999365984898;7,80075978558565;8,10169710889635;8,40229499335369;
-0,013540301751255;0,287074016741211;0,587251685057069;0,887632151011617;1,18824241636466;1,48879593906435;1,78933920548698;2,08963312086973;2,39010574320375;2,69072110143213;2,99129223424232;3,29169941912789;3,59212134055731;3,89248309148823;4,19305958338088;4,49362085026659;4,79420980858585;5,09481437987469;5,39539636203322;5,69609778586529;5,996465279348;6,29704954596303;6,5980217978881;6,89861114483348;7,19921866511866;7,50004571387912;7,80062644832488;8,10149523909109;8,40219860468963;
-0,0138720266622663;0,286816765450303;0,58716247803719;0,887627193143549;1,18821922732564;1,48870808121178;1,78918372525807;2,08951115490467;2,39000341695848;2,69059712726516;2,99102624868965;3,29136334920978;3,59194120087424;3,89243115643148;4,19299894590449;4,49357488121455;4,7941461698622;5,09466317478058;5,39531932429523;5,69607434916702;5,99651694100895;6,29698021067724;6,59779837869651;6,89857514500453;7,19950321592857;7,49997097342157;7,80047594727903;8,10124601145141;8,40199390011002;
-0,0141223876349121;0,286631123859707;0,587145924553304;0,887600573168604;1,18804913136302;1,48852556743827;1,78919061333161;2,0894931387652;2,38992824811695;2,69043341368269;2,99091017570974;3,29160397287537;3,59193228056296;3,89242509057897;4,1928960569768;4,49339604526987;4,79371488528341;5,09448699960489;5,3952452647148;5,69596331983605;5,99641808985963;6,29690047017191;6,59752308936607;6,89827932183813;7,19915269357928;7,50004044573972;7,8006099791958;8,10124328170205;8,40203519346398;
-0,0142647485268874;0,286417920218137;0,586907745374559;0,88746961657073;1,18790264269272;1,48835727929232;1,78917033854234;2,08950153443936;2,38989711991231;2,69040940028209;2,99093488354263;3,29149269598908;3,59185260653522;3,89236237257788;4,19285951646987;4,49331885120392;4,79379029234812;5,09438080714066;5,39508665941483;5,69585209911862;5,99637925216504;6,2968858887553;6,59747612841754;6,89816661119654;7,19892324011598;7,50004606641592;7,80068586084356;8,10114851216724;8,40194246910451;
-0,0143058917390073;0,286150272994289;0,586704486642164;0,887272971133723;1,18777386145245;1,48823039416684;1,7887004119399;2,08926646900378;2,38986126276661;2,69035305075698;2,99091165933401;3,29123452269546;3,59166874418394;3,8921637325783;4,19255664418976;4,49316842157581;4,79391364376509;5,09442478642797;5,39491250900736;5,69558686016069;5,99616314992201;6,29684239009564;6,59746612534465;6,89820755617586;7,198909850732;7,49986194121951;7,80058504525674;8,1011581032391;8,40185375652858;
-0,0145958474016812;0,286081817084658;0,586664961707847;0,887179945732977;1,18757530772388;1,48812782599304;1,78856818669131;2,0890341936495;2,38958074507461;2,69038565151905;2,99078728948409;3,29095316033714;3,59154790254141;3,89212372687338;4,19256114164298;4,49332253970033;4,7937765046308;5,0944083976402;5,39485233443859;5,69564989374987;5,99619075734656;6,2965668519186;6,59745411562553;6,89834013169846;7,19888487827487;7,49971414024127;7,8004829996669;8,10123604150665;8,40183744747272;
-0,0146603238301033;0,285960177760725;0,586611493334349;0,887084840601881;1,18762290063029;1,4881252870915;1,78858744288647;2,08912204570219;2,38958453266881;2,6902876285437;2,99068050481837;3,29089036953905;3,59158263961681;3,89227181566322;4,19276398879867;4,49328898773574;4,79370476142335;5,09414627975215;5,39474915035083;5,6956259580998;5,99623217599784;6,29659563285533;6,59726519913726;6,89823305359615;7,19898822568114;7,49972935701234;7,80063796778646;8,10129071145926;8,40190777129697;
-0,0147423713375181;0,285849026204077;0,586423303321867;0,887092519564505;1,18771957368112;1,48814852651189;1,78854555368205;2,08896959004187;2,38939711098152;2,69006384084952;2,9905139637236;3,29096653894511;3,5915088721713;3,89210125855376;4,19266431743853;4,49307389390041;4,79356451698575;5,09404795712936;5,39465798260808;5,69537494424178;5,99614347577345;6,29669706670921;6,59731663469711;6,89805909991494;7,19895393338257;7,49984540199051;7,80037695207317;8,10118566285233;8,40204794358912;
-0,0149248942556719;0,285719755165009;0,586294888638565;0,887014943833406;1,18754393008934;1,48790811437698;1,78842556334539;2,08883283683778;2,38916673803724;2,68968606035247;2,99037371448119;3,29100611318076;3,59145929810322;3,89190617249885;4,19261775822983;4,4931305962612;4,79367184645469;5,09428186765961;5,3948770012266;5,69567411347312;5,9963458525287;6,29673932000918;6,59745392449523;6,89823599586906;7,19894354684582;7,4996955129854;7,80048982550727;8,10107459706448;8,40195381562732;
-0,0151956180101847;0,285616134757943;0,586369940885993;0,886872306753634;1,18720143699948;1,48762885540207;1,78825457840118;2,08864100628755;2,38908933176028;2,68955393530483;2,9903291869213;3,29094050973638;3,5913236394137;3,89201963855597;4,19268913562843;4,49311572646589;4,793802934878;5,09434054240119;5,39492388232406;5,69562958765433;5,99628144521813;6,29708175460239;6,59751319831205;6,8983400308413;7,19900040794799;7,49985419516548;7,80069596794087;8,10120378958508;8,40207946689904;
-0,0152723085088633;0,285556773946273;0,586213237832793;0,886720605990224;1,18713917197279;1,48771018850552;1,7881171553294;2,08854767971994;2,3890986921802;2,6896751201019;2,99045463776313;3,29096311066658;3,59140730257333;3,89217317729451;4,19279312295104;4,49316923469635;4,79375238968655;5,09419690665704;5,39477499487297;5,69550867485837;5,99609122151561;6,29683688320475;6,59760963444807;6,89833563079646;7,19907594634992;7,50006660853211;7,80062914706511;8,10161302828748;8,40250362167509;
-0,0153984793978168;0,285453543440922;0,586002942694195;0,886393577185756;1,18706749649814;1,48772332042931;1,78815445519498;2,0885928998492;2,38923069480979;2,68982929739796;2,99046938573544;3,29099372451311;3,59151500604532;3,89208693898208;4,19273818948179;4,49334301515433;4,7937541224708;5,09409447136969;5,39473136266643;5,69550686583116;5,99619835280676;6,29715383420932;6,59792048978874;6,89843925694826;7,19914817964785;7,49981079106321;7,80096030148299;8,10177304787774;8,40245468983022;
-0,0152255119475688;0,285433823516794;0,585970332932862;0,886343082607498;1,18696388306658;1,48750729090574;1,78816451185125;2,08865164274111;2,38926188239652;2,69002070926169;2,99042473819981;3,29089659747818;3,59150209496477;3,89194014044684;4,19283174671395;4,49349411993242;4,79380451248551;5,0940291950401;5,3948400682629;5,69558416669932;5,99631406482925;6,2969537268918;6,59790654513582;6,89847469574849;7,19905600092767;7,4997867835755;7,80106254163385;8,10192535557174;8,40258233099307;
-0,0152947022551375;0,285291105382;0,585843590123138;0,886308192262009;1,18699786189397;1,4875873729169;1,78808960740943;2,0887359034634;2,38943014581147;2,69014717166768;2,99064023526045;3,29109597910839;3,59142899232402;3,89191439027243;4,19283006229378;4,49341824650688;4,79380154871222;5,09418683891098;5,39490130438587;5,6957719030157;5,99645394551188;6,29709952345453;6,59794485342797;6,89856673156704;7,19929612134147;7,50037143016523;7,80120580500029;8,10177251355007;8,40280610313512;
-0,0155636484443011;0,285049114295094;0,585749871986638;0,886257112189033;1,18682963217648;1,48765539040975;1,78812778483685;2,08852785159983;2,38940326786947;2,69000465546335;2,9906570093303;3,2911479230425;3,59148531054343;3,89212250077119;4,19286594030752;4,49323082289968;4,7937840806711;5,09454447010281;5,39522243180245;5,6957959159303;5,99652940700174;6,29725741153556;6,59796520577362;6,89869052504142;7,19963399283052;7,50062425309283;7,80138333670781;8,10197701573844;8,40289909073646;
-0,0154074291772748;0,285199659630788;0,585835745880814;0,886366709795792;1,18680170218971;1,48742990464716;1,78802748213419;2,0884689164584;2,38915307740605;2,68982414965677;2,99049303928415;3,29108304537698;3,59161150013612;3,89230323666667;4,19288467197464;4,49332510994425;4,79386950051852;5,09469678143716;5,39534024852913;5,69597351757969;5,99658534394935;6,29734273103173;6,59795565203132;6,89871040089992;7,19980118829629;7,50063664917323;7,80134418039557;8,10214595030508;8,40301883833638;
-0,015314635481932;0,28532940640594;0,585804427617556;0,886308713530586;1,18688291498781;1,4876367367464;1,78835818510724;2,08868027837416;2,38910645545659;2,6897985946303;2,99062660582205;3,29113712762252;3,59167350441071;3,89235751090917;4,19310841425203;4,49368014388039;4,79414227718689;5,0946403073469;5,39538763413649;5,69602194273344;5,99669402413287;6,2975546509283;6,59820076506371;6,89893594864192;7,19996425884155;7,50070723306838;7,80141924209902;8,10235103092333;8,40328879993027;
-0,0155022311663053;0,285195246273244;0,585661565162098;0,886237009790257;1,18683325831871;1,4876344406563;1,78828442607217;2,08869199345764;2,38928458154709;2,6898329209336;2,9905448535855;3,29119448543193;3,59172002042653;3,89244766650729;4,19315179704322;4,49373903182553;4,79425893952877;5,09464093035314;5,39514147597869;5,69602248733258;5,9969174462687;6,29772753254486;6,59837089602186;6,89922050522468;7,20021803117988;7,50097027674014;7,80175346085666;8,10261464278542;8,40352926754256;
-0,0158394901454919;0,285010119506579;0,585679337184626;0,886272023632069;1,18680815718054;1,487449159478;1,78803801009933;2,08857556730547;2,38932505285809;2,68978327923158;2,99038958211736;3,291107288013;3,59187642356183;3,89252472296877;4,19316815936445;4,49363474523976;4,79421905375838;5,09478998947795;5,3951510538579;5,69605064500944;5,99712282167797;6,29797447262705;6,59856092354823;6,89943451811407;7,20043550380926;7,50132941774484;7,80212658526879;8,10310535538093;8,40388639883835;
-0,0158103495231092;0,284863075591375;0,585692966406853;0,886351737199579;1,18690537133857;1,48745489009804;1,78803990335381;2,08872677340428;2,389428909147;2,68994506749114;2,99062675257648;3,29120143194092;3,59202907350318;3,89265748756355;4,19314173729262;4,49362455375026;4,79433977926774;5,09513315728438;5,39562339739224;5,69628300051148;5,9972632979162;6,29812459410748;6,59881333463431;6,89937032498524;7,20031144753523;7,50145407030539;7,80243007919341;8,10307616087866;8,40400200704057;
-0,0155354017572966;0,285095954811759;0,585862609254945;0,88656494758573;1,18723496176688;1,48765229746422;1,78824717250125;2,08896389850574;2,38955253792506;2,69021851383869;2,99078169804547;3,29122482563991;3,59202693335002;3,89282665247971;4,19329607640277;4,49384549031886;4,7946516845605;5,09516809520627;5,39587165464063;5,69640806144662;5,99730298087654;6,29808592870328;6,59883552192778;6,89955236308155;7,20060870139498;7,50163792123884;7,80245728442013;8,10309330338376;8,40377983242445;
-0,0155403253438537;0,285178637236349;0,585837990902208;0,886418548339649;1,18708386148789;1,4877561735227;1,7883840462353;2,08901954705298;2,38967803223753;2,69031473543113;2,9908818826176;3,29147012794938;3,59227204685059;3,89311102660474;4,19357078244118;4,49418837070721;4,79488975442713;5,09544914595455;5,39611623269202;5,69672972590134;5,99771760151151;6,29827660607155;6,59890380041983;6,89996235320292;7,20102968548365;7,50186862127529;7,80263732923706;8,10346012255916;8,4041031715792;
-0,0155785466925575;0,285099808712983;0,585760661503883;0,886430512849496;1,18708317598369;1,48772821391494;1,78844541267157;2,08910141923443;2,38984583312218;2,69049942541422;2,99101759274009;3,29168739942178;3,59238762837085;3,89317189294092;4,1936954645601;4,49434394389456;4,79522356843242;5,09571478027025;5,39628306642951;5,6970267920109;5,99797678041197;6,29853202843469;6,59950795556421;6,90029935424735;7,20123704855503;7,50222799949352;7,80288345344957;8,1037652625494;8,40480236044226;
-0,0154389109255986;0,285263413029661;0,585883489295123;0,886547528320121;1,18736253025846;1,48806829156096;1,78867575627689;2,08933698342023;2,38997693668146;2,69054063176252;2,99112475509834;3,29175302787996;3,59252461101875;3,89317276274148;4,19373522667012;4,49442713435816;4,79510390681519;5,09584565526186;5,39650855193064;5,69729925346238;5,99793345557768;6,29877175384574;6,59976837010809;6,90057107165189;7,20139236990903;7,50251944204799;7,80328067279116;8,10408906511244;8,40515807961903;
-0,0154041910095239;0,285289298006966;0,585993610019835;0,886572035413987;1,18742382715505;1,48820820171256;1,7886886306797;2,0894164421401;2,38996351317418;2,69060399861041;2,99109789896748;3,29184151019912;3,59281614919049;3,89352907871028;4,19394516327951;4,49442772028053;4,7950910566575;5,09596763529359;5,39700966429058;5,69773766290034;5,99829477893436;6,29912378230134;6,59996271191094;6,9005366402923;7,20158763895934;7,50282224990643;7,80369424645227;8,10447455723268;8,40561992198759;
-0,0155529221351491;0,285224520862491;0,585999665372299;0,886720165297702;1,18744200137169;1,48801605222613;1,78869898637268;2,08944315486307;2,39006268424185;2,69064950473263;2,99117807224296;3,29203808307983;3,59305983490065;3,89376420315788;4,19419034146934;4,49484954463137;4,79548383615517;5,09641143655107;5,39719592822355;5,69796945553817;5,99862484423412;6,2994071869118;6,60040257373764;6,90108824975033;7,20191618220002;7,50312644821875;7,80396861225279;8,1048207491064;8,40603397577991;
-0,0154308006415755;0,28535300127212;0,586161462275814;0,886734854241868;1,1874073996352;1,48803846233146;1,78873323622856;2,08962783912046;2,39031124730945;2,69073862072065;2,99133758798247;3,29226053368152;3,59323287041167;3,89391204864516;4,19466084213446;4,49534267023406;4,79595311803708;5,09671662804255;5,39734824499141;5,69798209678192;5,99876723108094;6,29961167009393;6,60067889850938;6,90160621188883;7,20247608340068;7,50339628243394;7,80425181383809;8,10517405980529;8,40634411523964;
-0,0152656700986071;0,285541175173695;0,586380932098912;0,886857963623974;1,18732134816431;1,48811576245778;1,78886728390541;2,08981886788401;2,39051897238735;2,69115792143099;2,99178550426569;3,29241300464263;3,59310522386014;3,89384938444354;4,19469862475681;4,49556925009885;4,79613205820634;5,09687492798049;5,39760860407067;5,69828914580413;5,998990258309;6,29995733026299;6,60091552917944;6,90183890157487;7,20278842782596;7,5036548911675;7,80462994957802;8,10571146564383;8,40671518087924;
-0,0152387801980503;0,285507558420865;0,586455056635234;0,887107692436254;1,18752284950431;1,48831421052552;1,78910883559508;2,08987423208458;2,39056017198276;2,69126057203399;2,99210287428539;3,29266898396532;3,59322312313257;3,89398115989681;4,19478130388331;4,49560395457589;4,79636701926813;5,09715240280469;5,39799979836252;5,69869582398335;5,99942251178266;6,30025996228409;6,60110489785351;6,90234859484208;7,20330326272934;7,50404790086161;7,80501231828999;8,10617057591378;8,40710890834207;
-0,0150930847060096;0,285585538679787;0,586489109067617;0,887070983447715;1,1877142617927;1,48842104069567;1,78920743782609;2,08996718362443;2,39061435416246;2,69149034942803;2,99233969006194;3,29281764691217;3,59362484128192;3,89446108639838;4,19497908029881;4,49583581111479;4,79666133660511;5,09754233229658;5,39838290534674;5,6991137520251;5,99991831318804;6,30063728793692;6,60148576058357;6,9027813410329;7,20376871883257;7,50468807819178;7,80534001916546;8,1064037372468;8,40754106389632;
-0,0149916433004398;0,285626832039335;0,586532499222221;0,887238399905803;1,18786625112891;1,48852736955449;1,78939139459047;2,09014528815583;2,39078782179176;2,69173330835995;2,99253348539078;3,29290175754091;3,59390598158168;3,89473832692963;4,19526405259497;4,49608180810997;4,79684290692158;5,09766828375126;5,39856847423797;5,69935007821411;6,00036550910539;6,30119595269079;6,60190789522565;6,90285772957007;7,20403578899135;7,50505984690705;7,80593047636074;8,10679329873978;8,40787405935015;
-0,0150097203089237;0,285728422846083;0,586651127455236;0,887448120380251;1,18806519982866;1,48881305719842;1,78965072618613;2,09046040530168;2,39104107029097;2,69179212458541;2,99259516390354;3,29332241779236;3,59429427307707;3,8950190048703;4,19557941170456;4,49623000525781;4,79710658955205;5,09796926880472;5,39879106654444;5,69939010208501;6,00061011721905;6,30162146262591;6,60230369568874;6,90328884129795;7,20442956240126;7,50527814038073;7,80636748295181;8,10737849224;8,40834202006942;
-0,0148625362901731;0,286188714538252;0,586937481055467;0,887703826397412;1,18846147865701;1,48922836347375;1,78985822863746;2,09063274088857;2,39137852207229;2,6920993122994;2,99278837837364;3,29363821666878;3,5945553012218;3,89517665540523;4,19585296453654;4,49652366097477;4,79748273089944;5,09832882532051;5,39913882440718;5,69975849038934;6,00071934221885;6,30184151908655;6,60285592682636;6,90391510085037;7,20488469858021;7,50569312625034;7,80675039715547;8,10775387070377;8,40894727175088;
-0,0147373997049822;0,286268170669846;0,587032545710716;0,887783514252078;1,18857131932933;1,48935632823098;1,79003995015567;2,09079400533273;2,39164376472999;2,69254420596974;2,99337696430844;3,29389119177939;3,59463125439398;3,89535563237802;4,19620687009655;4,49706059322685;4,79787822006392;5,09871305922221;5,39950591263941;5,70016231966521;6,00113156909621;6,30246236394013;6,60352650378743;6,90422043732485;7,20538593313453;7,50643248445579;7,80722713851156;8,1082045361643;8,40949247081778;
-0,0146839894658521;0,286225265224168;0,587119892282152;0,887997755397824;1,18873385740363;1,48937405834316;1,79024659441463;2,0909994442227;2,39183631676979;2,69280344911903;2,99368123324012;3,29430613321275;3,5950188700123;3,89578700980544;4,19668371323876;4,49743060221665;4,79825919060707;5,09913946875446;5,3999273180211;5,70060895871834;6,00151195030042;6,30276232410175;6,60381254288111;6,90460339164148;7,20576253389213;7,5069298171851;7,80781063584127;8,10883993938731;8,40995051877281;
-0,014605321020416;0,286288571086593;0,587313410922878;0,888133560217079;1,18892260670076;1,48973719664675;1,79036145271398;2,0912017062806;2,39215486046572;2,69303615898917;2,99376970250062;3,29459827550041;3,59539730805017;3,89618941249792;4,19702213671397;4,49765540658967;4,79852525703316;5,09952757865112;5,40044180643527;5,70117064959588;6,00202439996683;6,30312322535702;6,60435634583966;6,90535204858693;7,2063405537687;7,50743706062775;7,80831503250404;8,10938939384115;8,41059741097376;
-0,0143423837443999;0,286426580231195;0,587343178366578;0,888003674210802;1,18904874559098;1,48985301806708;1,79040925093069;2,09142079594453;2,39236294519137;2,69309463580031;2,99398783764002;3,29472357977001;3,59549442817757;3,89628793270055;4,19726108084411;4,49807500156083;4,79876164841759;5,09981575262557;5,40092957952483;5,7018962841108;6,00276036539799;6,30365513125569;6,60476494922027;6,90596094398295;7,20686072248422;7,5080776975368;7,80880392062399;8,10988469373252;8,41135042260357;
-0,0141128734995455;0,286664974899684;0,587330897991999;0,888097936891833;1,18914810144481;1,48998954963635;1,79079268617176;2,0917858974318;2,39258211591074;2,69344720929293;2,99441195939336;3,29513443478825;3,59576633945381;3,89649343931415;4,1974291742204;4,49852942446334;4,7993132654743;5,10024940634056;5,40127466242359;5,70230064226596;6,0031204981155;6,30424866447904;6,60522226202396;6,9061255254076;7,20728633787037;7,50839591833079;7,80941477465311;8,11064177329636;8,41178689743121;
-0,014000843540952;0,28701480553613;0,587687588871492;0,888511614800471;1,18938982086848;1,4902370279363;1,79125932669401;2,09207976437453;2,39286138172603;2,69373001504036;2,99467972505491;3,29551884578225;3,59620852258027;3,89696631329996;4,19784722622766;4,49883204220844;4,79977741336493;5,10062568359313;5,40153821092212;5,70250331340095;6,00354549467923;6,3047518908267;6,60565396286165;6,90655518230401;7,20776692461799;7,50891031842724;7,81019746949961;8,11144408061396;8,4125450795448;
-0,0137397578411109;0,287400154279455;0,588122218411709;0,888798380110267;1,18961247326359;1,49067736805132;1,79173132185469;2,09245042921977;2,39313057734065;2,69393378306774;2,99484041306592;3,29577671660367;3,59660791276756;3,89747966549538;4,1985078683939;4,49940214023633;4,80010953915311;5,10091501449747;5,40204010605552;5,70301872717969;6,00418954324426;6,3051957203384;6,60623384430334;6,90728382784082;7,20832888607726;7,50957577347998;7,81073751426254;8,11190925598373;8,41311970701705;
-0,0135289407744752;0,287503539108115;0,588217557133012;0,889056353859226;1,18996079434824;1,49085255319091;1,79199079920403;2,09273521106639;2,39344323461661;2,69425043522974;2,99518017102904;3,29606412542931;3,59700869732189;3,89793002317962;4,19907710537352;4,49995635068436;4,80069733676331;5,10158331200205;5,40259408908853;5,70359249958444;6,00468003263897;6,3056027500438;6,60673104029609;6,90787950315508;7,20895594630797;7,51015967157412;7,81129341063358;8,11242074595444;8,41374573827986;
-0,0134261212109292;0,287455471761385;0,588376360267529;0,889316936056413;1,19019990360883;1,49117098515819;1,79232698929384;2,09306086069205;2,39374328177039;2,69464411721792;2,99554209281705;3,29649728102177;3,59745577031502;3,89828545792513;4,19936596614776;4,50015864241059;4,80123633650695;5,10223411705577;5,40320011735182;5,70419829855292;6,00507692674727;6,30585583675935;6,60719857091398;6,908601143813;7,20962946097086;7,51074330317945;7,81196348994101;8,11302179729853;8,41422593674493;
-0,013178000288347;0,287693892504962;0,588644174540167;0,889586205892612;1,19049934172412;1,49154517190935;1,7924751055626;2,09328854091847;2,39405625878901;2,69497703349357;2,99586178839366;3,29672537337277;3,59784922195934;3,89870662784335;4,19953982109089;4,50052163249074;4,80172772040637;5,10268639632997;5,40350462518564;5,70471597171518;6,00560824056602;6,306437875933;6,60781127920205;6,90917629375738;7,21014534071849;7,51119734642737;7,8125601897905;8,1137560012471;8,41478301227993;
-0,0130168699446118;0,28791455271661;0,588863201462408;0,889794026855844;1,19072490727561;1,49167691358001;1,79258983311142;2,0935211242834;2,39440804023647;2,69533690606251;2,99629010244314;3,29709208014973;3,59810240040664;3,89893007113032;4,19998422320279;4,50115790648426;4,80216951842063;5,10316530522467;5,40405695577632;5,70536723941828;6,00624638517138;6,30718701874928;6,60842691448743;6,90958853785203;7,21065951442946;7,51196605451609;7,81332529856017;8,11465930000655;8,41575755040709;
-0,0130027303190925;0,288258922310488;0,589269912542461;0,889992821664403;1,19095203847688;1,49199178369699;1,79299668417502;2,09399315984818;2,39480771685145;2,69560253509509;2,99672709612287;3,29774641013632;3,5985768083856;3,89935696268947;4,20058422904489;4,50152260892949;4,80262270874685;5,10360218281473;5,40467974625426;5,70579659734174;6,00674290793872;6,30780899870264;6,60903190327092;6,91016798064652;7,21140259539672;7,51273190227631;7,81415552146162;8,11533925165765;8,41637503134094;
-0,0126724164554268;0,288523641551991;0,58951338171597;0,890289459082792;1,19138200121233;1,49248858066887;1,79343844313332;2,09437421968174;2,39517268000918;2,6960988087093;2,99711973375827;3,29823796665993;3,59915158752677;3,90011231235176;4,2010470649335;4,50187091916259;4,80280795346921;5,10393747175285;5,40510629235709;5,70635167571954;6,00736960845927;6,308527907964;6,60978124255262;6,91076452647664;7,2120130208816;7,51335222629422;7,81467549906088;8,11584402083898;8,41708044746052;
-0,0124624171045902;0,288599466450904;0,589593873284252;0,89057910757991;1,19174130521214;1,4927574468774;1,79379548624961;2,09464202480754;2,39548423997227;2,69661822674396;2,99766409526973;3,2985947827921;3,59956886004565;3,90056172122632;4,20153624252123;4,50243574771021;4,80328301585029;5,10432070302443;5,40559552295833;5,70698145566805;6,00805029793632;6,309063265444;6,61034092646266;6,9114484058711;7,21275734785105;7,51407453886298;7,81530806976354;8,11651221664462;8,41792924414858;
-0,0121867361873065;0,288831912257255;0,589747078265732;0,890893662294244;1,1921054014712;1,49310397262209;1,79414085472335;2,09498500488799;2,39591949237924;2,69706108674838;2,99804161680887;3,29904265962732;3,60013013188388;3,90105448560693;4,20217969176079;4,50316260667896;4,80406527030249;5,10515862623544;5,4062688900932;5,70744248878203;6,00849148249845;6,30968865848977;6,61093521003275;6,91216871754877;7,21348529385543;7,51486280973297;7,8160943651867;8,1171293018716;8,41853014017247;
-0,0118416962713912;0,289177455871614;0,590087460771539;0,891226972697337;1,19258762731262;1,49351402784052;1,79450042688439;2,09554828758172;2,39648146264785;2,69753623327756;2,99850830704422;3,29958485469565;3,60049228627616;3,90147230179311;4,20264470966993;4,50383448854312;4,80476142536169;5,1058990805458;5,40699554762519;5,70799153749231;6,00907258667954;6,3103510691164;6,61158548619906;6,91281207493005;7,21422313428182;7,51555094193602;7,81663018301861;8,11771332356711;8,41935998456037;
-0,011502548744625;0,289528617601864;0,590483287529851;0,891655062391171;1,19276926387544;1,49366109183757;1,79473036966695;2,0958698479223;2,39695837070408;2,69808740547025;2,99913963039787;3,2999491237489;3,60082104700138;3,90201409785572;4,2031620806596;4,50428972249191;4,80528903887184;5,10629767172275;5,40740595561623;5,70854849805407;6,00979683975073;6,31106228093804;6,61222291082165;6,91348222085377;7,2149573795259;7,51631681872886;7,81761906984223;8,11884610242672;8,42030602692828;
-0,0112472185147388;0,289864674103181;0,590630660317372;0,891904577291813;1,19287877821147;1,49384649124948;1,7950522162987;2,09620200627347;2,39724963132487;2,69835517607004;2,99947357491415;3,30035991058659;3,60127693627995;3,9025853665816;4,20371085511774;4,50475539728044;4,80579746145991;5,10698429550011;5,40806733537631;5,70921608405989;6,01026647296269;6,31157801049969;6,6129781053256;6,91425653215103;7,21566135530625;7,51703707004068;7,81863365372186;8,11989858194474;8,42113037292333;
-0,0109914106395346;0,290103965765841;0,590969640352134;0,892156497600658;1,19332913577573;1,49432057934216;1,79540812562867;2,09648012408891;2,39757793395603;2,69879095173324;2,99979090194316;3,30090419683693;3,60204084921174;3,90323335984034;4,20441266530054;4,50543698627673;4,80634278219556;5,10756055770335;5,40874829778102;5,70985889267648;6,01095624657759;6,31221384764231;6,61373535317135;6,91504750368638;7,21637452217248;7,51775388703403;7,81921356694958;8,12053772059879;8,42195402408744;
-0,0107309453786675;0,290438001853264;0,59146017996436;0,892502666879357;1,19372333894174;1,49480723720914;1,79582183825479;2,09692369073333;2,39806397871551;2,69922931082559;3,00023655571163;3,30144713492717;3,60275722900866;3,90386808048211;4,20502544709959;4,5060422747665;4,80699111960659;5,10813385477879;5,40934794597371;5,71062319115377;6,01179847518541;6,31305799181807;6,61447027980575;6,9159261020497;7,21735521805149;7,51872133923553;7,81986154567863;8,12126282208526;8,42289854284519;
-0,0104396690076092;0,290688674237452;0,591666056072598;0,892862394252175;1,19409331750467;1,49526210963556;1,79644584192629;2,09749236944675;2,39850340731142;2,69963041944692;3,00088344112726;3,30205756155971;3,60318664395138;3,90447770887199;4,20556381184914;4,50663389359848;4,80777581037853;5,10879726663159;5,41009221927085;5,71139877207319;6,01245650385825;6,31384544042893;6,61519296010268;6,91681282900556;7,21829585525553;7,51964148270111;7,82087228698673;8,1223107495695;8,42369477541681;
-0,0100849479283829;0,29107754810767;0,592304826034644;0,893374137452617;1,19463071726401;1,49575658817897;1,79693295324542;2,09794127318574;2,39908060664486;2,70007996830091;3,0012258719508;3,30245426256716;3,60351172999381;3,90477918809996;4,20597750736535;4,50708008241905;4,80831674494423;5,10955273787267;5,41077252640636;5,7120679198124;6,01323563920109;6,31464203571756;6,61601572951569;6,91751495249307;7,21891640414193;7,52027635622533;7,8218394623453;8,1232548972404;8,4246212616646;
-0,00986407871684758;0,291352946908173;0,592699674640209;0,893927251986824;1,19493055669104;1,49597561232398;1,79734740674635;2,09845246204867;2,39957074713532;2,70062963728605;3,001711613398;3,30291937672219;3,60406616926199;3,9052827777848;4,20648659732058;4,50760888190487;4,80891069078107;5,11025857607061;5,41147832669692;5,71280067129608;6,01399481389858;6,3153137053452;6,61676383801491;6,91827029361632;7,21950522590768;7,52100497935273;7,82259156176968;8,12411611862585;8,42561205829407;
-0,00965763019440846;0,291623782606817;0,592918370640072;0,894161475749727;1,19527787207687;1,49643809276394;1,79774071378366;2,09887985651073;2,40000516863291;2,70115122681492;3,0024226991255;3,30343064635864;3,6047441260903;3,90600755578966;4,20716832330594;4,50845749736521;4,80961122899275;5,11062539445747;5,41212841855906;5,71364798138171;6,01472693915496;6,31602010386215;6,61743814262324;6,91898893491496;7,2206051368054;7,52207607105898;7,82357240051828;8,12499418812089;8,42631300024786;
-0,00923901933758664;0,292027962159739;0,593292427835572;0,894569023750555;1,19586856170125;1,49708214076191;1,79812275737031;2,09924906752485;2,40042127245275;2,70171680942402;3,003049261009;3,30418257675973;3,60540146702236;3,90649242645735;4,2079171832617;4,50927441590373;4,81041138706523;5,11158265445991;5,41293749364282;5,71424511576779;6,01559661525493;6,31687934690195;6,61818477970753;6,91984504287222;7,22137220485463;7,52289330753855;7,82453762790847;8,12583998513345;8,42728018512211;
-0,00885915508529678;0,292423775183642;0,593679746801421;0,894874548531091;1,19616674206601;1,49744955662719;1,79854436726022;2,09971825492549;2,40105844401244;2,70246512046827;3,00363817600863;3,30485403816075;3,60604045227431;3,90721410888277;4,2085491584785;4,51000098289634;4,81123067765128;5,11248880936404;5,41378259994036;5,71489491530894;6,01654369646873;6,31779856779793;6,6191307891659;6,92088760736388;7,22249421024186;7,52392770864957;7,82551450344037;8,12691774899773;8,42846790191044;
-0,00849894878727753;0,292725743962858;0,594055891941068;0,895332012361274;1,19658712141481;1,49783275801699;1,79904410925967;2,10030873603483;2,40172380260427;2,70302655922365;3,00424757151443;3,30545274033416;3,60664667622696;3,90800059355367;4,20935094894533;4,5106674057462;4,81184538894065;5,11304492038881;5,4144142766809;5,71584986218883;6,01719684804471;6,31861599781829;6,62007974701765;6,9218563550709;7,22359970927316;7,52495500108091;7,82636731136322;8,12794821804562;8,42960802448524;
-0,00811491629164962;0,293199421024392;0,59457740813877;0,895827960688153;1,19717229491977;1,49849150145416;1,7995275175579;2,10077668327161;2,40215878048111;2,70353642255338;3,00487598400997;3,30610649054659;3,60731752190961;3,90871760165677;4,21005510833517;4,51126065164803;4,81255882752011;5,11388933278239;5,41525963128386;5,71666369764019;6,01796582696742;6,31950824379521;6,62084998426412;6,92244618423061;7,22423768832586;7,52576426853236;7,82717166686041;8,1287977687384;8,43053628680507;
-0,00774347468616376;0,293569432229077;0,594950342874283;0,896392746546536;1,19752192305145;1,49890266422606;1,80013552598213;2,10132698491078;2,40284304821932;2,70413500035424;3,00535547743069;3,30669777842394;3,60796029655695;3,90927149687348;4,21062631208986;4,51198696922937;4,81330555847703;5,11464973237709;5,41597287808714;5,71736423497069;6,01873094905506;6,32033009221246;6,62169461426115;6,92329217208372;7,22503810815081;7,52665662200897;7,82818407244846;8,12971932228185;8,43138774421661;
-0,00747923805968043;0,29385299118136;0,595503474090807;0,896891103553905;1,19816798272755;1,49943894519372;1,80082936954752;2,10222544692933;2,4035859584638;2,70467064665912;3,0058315569799;3,30741829052951;3,60871856356004;3,90994996552805;4,21144685263367;4,51283947602728;4,81415901018641;5,11538342991009;5,41682625121292;5,71831193792558;6,01958440379345;6,32114658814643;6,62287547254322;6,92443738831516;7,22601415623393;7,52745199132224;7,8291672493954;8,13068174627571;8,43231989464961;
-0,00697972657828849;0,29446443643288;0,596059371908932;0,897192288918969;1,19856109258682;1,5000385782081;1,80138078239385;2,10281848766714;2,40412171912539;2,70525815542595;3,00648167284104;3,30798685787583;3,60942259666273;3,91071237437091;4,21203396637062;4,51342014015452;4,81466057556136;5,11603827312664;5,41774702943217;5,71938072459553;6,02074801050099;6,32211386637948;6,6239038411877;6,92562124468589;7,22710908358024;7,52846395843586;7,8301395959306;8,13179561852994;8,43348777032;
-0,00644519602791238;0,294920209378796;0,596320004879064;0,897490500166347;1,1990358753473;1,50046444623543;1,80181280318215;2,10331346401185;2,40470347399722;2,70593290147266;3,00727672911255;3,30864977529599;3,60995371040066;3,91143473237987;4,21270496353913;4,51398073881383;4,81536133652693;5,11679953145238;5,41849405869237;5,72020633686468;6,02162035290362;6,3230841522469;6,6246734846397;6,92660326926174;7,22826598350742;7,52969399063329;7,83137710257766;8,13314029132003;8,43486896585086;
-0,00593743261519908;0,295456261111734;0,596671171187421;0,898167563989793;1,19976524038287;1,50103934399184;1,80240055119141;2,10386133183532;2,40522540940054;2,70665434757704;3,00799677321655;3,30930109266217;3,61078404187043;3,91219074535211;4,21349197338046;4,5149325769079;4,81653196543464;5,11796908494789;5,41944240209345;5,72099064624849;6,02242928150656;6,3241246140167;6,62570558426627;6,92742659658701;7,22935081770226;7,53094444089806;7,83244408546893;8,13424062830677;8,43596274855527;
-0,00553217917938031;0,295824057571939;0,597183982240884;0,898776969403382;1,20026377554352;1,50156897718035;1,80295246953182;2,10440696697868;2,40575637214141;2,70728020327806;3,0086877850632;3,30996457045061;3,61147930007306;3,91287616399187;4,21419491658105;4,51583580229904;4,81737702274916;5,11869695230852;5,42032896378887;5,72188307191065;6,0234371243489;6,32523205931571;6,62678944992384;6,92832517980233;7,23010248542272;7,5318576679149;7,83351195286866;8,13520831848654;8,43709400259902;
-0,00525119354742909;0,296084416350958;0,597507453759892;0,899251570850918;1,20080305624588;1,50209756861413;1,80347236372549;2,10496857109493;2,40635737093706;2,7077728662717;3,00924411163272;3,31075025126009;3,61224766947793;3,91364437036763;4,21499266234227;4,51648874373366;4,81810179163453;5,11952052284319;5,42100476993535;5,72265500306237;6,02426983547088;6,32600494436565;6,62765902303205;6,929403343342;7,2311458993763;7,53301413691338;7,83468912002877;8,13647611502224;8,43824246999177;
-0,0049607465356889;0,296572854271373;0,59802215140228;0,899789508174043;1,20137346214364;1,50268732788446;1,80401353557872;2,10562077920945;2,40695654663575;2,70849046725895;3,00994678319822;3,31142380239559;3,61303364154568;3,91452096635017;4,21582449030848;4,51723035825387;4,81885171647947;5,12048464236001;5,42192858534482;5,72346597945491;6,02509022652727;6,32691991563488;6,6286548077001;6,93047645862065;7,23231354991218;7,53415627511041;7,83579412327531;8,13749964050199;8,43921413114173;
-0,00447232973829159;0,297060528274094;0,598579288760315;0,900143797652199;1,201779091735;1,50318478493615;1,80463932254538;2,10627028222266;2,40772810561123;2,70932613603211;3,01078802788587;3,31200685222079;3,61358751858645;3,91519833067713;4,21670698473153;4,51810943778785;4,81968426803803;5,12133201948599;5,42289760801255;5,72452876440802;6,0262490335582;6,32794975846223;6,62959753815223;6,93152769358678;7,23347595733989;7,53518705752469;7,8369388696058;8,1386853308781;8,44043875036336;
-0,00393046182509238;0,297481082427774;0,599020154275825;0,90055861739462;1,20219484207351;1,50371507693344;1,80507314272717;2,1068176625601;2,40840963314884;2,71009187079362;3,01159462446016;3,31306820437256;3,61459544386492;3,9159953687079;4,21762895200766;4,51915570573298;4,82074827716529;5,12227713793878;5,42371622406455;5,7254636287065;6,02735511447726;6,32893575436153;6,63079866647322;6,93257594218216;7,23442706607856;7,53619499941968;7,83801997147246;8,14000823830405;8,44170941889143;
-0,00342492090799951;0,298148730612588;0,599784385874149;0,901341525636702;1,20289840231089;1,50441258356695;1,80576347218158;2,10750278538326;2,40913695141455;2,71081620403388;3,01227616194962;3,31391510368179;3,6155679156814;3,91695706081619;4,21862953928363;4,52022430949564;4,82179007681815;5,12330130190331;5,42471891303109;5,72627796878229;6,0280625793037;6,33000981077725;6,63203418695944;6,93366281092053;7,23548003961367;7,5374017518514;7,8392201691335;8,14116040350092;8,4430053536703;
-0,00280657515589855;0,298816331200074;0,600343301944896;0,902017015713146;1,20356836030892;1,50511027303881;1,8066133551103;2,10823765914684;2,40992536885134;2,71140007856452;3,01287303648111;3,31447867378075;3,61613356459556;3,91775320447196;4,21939262058462;4,5210596309255;4,82253774935895;5,12418585148486;5,42588357533894;5,72745652473884;6,02924653671666;6,33124015642969;6,6331204991776;6,93474060809087;7,23669915892189;7,53863253666591;7,84048628758454;8,14219840643771;8,44406653737863;
-0,00243315217820683;0,299371637035997;0,600853263543685;0,902412817816984;1,20416287949396;1,50578968840344;1,80742595801217;2,10906912723815;2,41051788775659;2,71213218082013;3,01380246071859;3,31543830077062;3,61700861385561;3,9185539362387;4,22021808709534;4,52186175072415;4,82332246306132;5,12515390710846;5,4269068755237;5,72857382490605;6,03063775615532;6,33258844231579;6,63433765109661;6,93600346462187;7,23780948153716;7,53966759551057;7,84156837276634;8,14354573458382;8,44530556347315;
-0,00200133607856401;0,299831097451973;0,601312599773665;0,9029854155033;1,20478891635016;1,50639802174219;1,80798799381136;2,10980037887436;2,41135360811476;2,7130172393578;3,01482457095198;3,3162917900794;3,61782369088635;3,91952062064531;4,22110750393318;4,52261658591828;4,82434294448534;5,1262406103323;5,42780821438973;5,72946767267236;6,031653679718;6,33352841446108;6,63530547802766;6,93722174047408;7,23896673206085;7,54088767068946;7,84293822691838;8,14485737945383;8,44671278712057;
-0,00141711892164231;0,300428053632595;0,601948928253188;0,903769547637983;1,20549336302345;1,50708582552654;1,8086409302524;2,11048580577256;2,41227260416871;2,7138000266387;3,01544649797679;3,31687307569253;3,618561790884;3,9204012140491;4,22192424971142;4,52355688530298;4,82543336219916;5,12719882358163;5,42892769442736;5,73069365499348;6,03258125364488;6,33453574543918;6,63656820677855;6,93844120702755;7,24014549242993;7,54212929277788;7,84398654149114;8,14598778195751;8,44806761838104;
-0,000840479932374016;0,300945283818741;0,602668743761321;0,904483074359421;1,20610088562534;1,50773128617165;1,80949316561465;2,1111558141821;2,4128594859481;2,71447627036918;3,01600299092872;3,31774604942342;3,6194254145845;3,92127949498778;4,22287759328342;4,52474529764593;4,82654078646316;5,12822120905013;5,43009842669478;5,73181266736026;6,03361764919996;6,33570065714389;6,6377503828103;6,93957704065856;7,24139758688103;7,54336949863305;7,84520473420767;8,14723980042194;8,44938776598054;
-0,000298008583103027;0,301447900629052;0,603277881913804;0,905060720181702;1,20666565061262;1,50837265456472;1,81028287024496;2,11191762895937;2,41348436186485;2,71521572678097;3,01684124289842;3,31863212024447;3,62039126126517;3,92218387194112;4,22388725013203;4,52561090435785;4,82746803840903;5,12930055406331;5,43088479149259;5,73265403750405;6,03471131089474;6,33661912761563;6,63861900969164;6,94074846661592;7,24278651560205;7,54485741863654;7,84666180586137;8,14867545278473;8,45086532367657;
0,000127202399120563;0,302077018144098;0,603847809669277;0,905639513196003;1,20739996019531;1,50919143342206;1,81108720354355;2,11263365422429;2,4140930219384;2,71589125209289;3,01769961356534;3,31951994102017;3,62133049645855;3,92306373847235;4,22482039862;4,52648740728167;4,82847663490581;5,13026589701123;5,43192426682157;5,7337440839004;6,03570546744166;6,33772192778278;6,6397591332876;6,94187208893531;7,24399439313012;7,54613205916807;7,84807885662315;8,14999619129498;8,4522593313685;
0,000807392030033327;0,302726301929993;0,604425226751007;0,906195935606211;1,20821361648641;1,51007327725738;1,81175063357418;2,11325400766565;2,41485295068322;2,71684175428973;3,01855130373013;3,32030496798072;3,62223664774404;3,9240533928634;4,22581835515629;4,52746739455624;4,82968374971098;5,13162848937859;5,43324704174311;5,73496144477217;6,03687969282475;6,33885758429156;6,64083923491698;6,94302604575224;7,2453004416895;7,54736047545506;7,84934081200771;8,1514554203625;8,45348224651375;
0,00152234869279422;0,303337515727582;0,605033411297319;0,906805968989714;1,20877363089863;1,51071142805691;1,81238147217592;2,11403068214762;2,41593830996872;2,71776215932149;3,0193651099453;3,3212355304968;3,62330560877682;3,92520768397566;4,22691908643641;4,52865393770568;4,83084395908627;5,1328283713502;5,43448015033677;5,73631821279075;6,03819489443781;6,34007610977897;6,64199429156885;6,94423721050554;7,24658940066169;7,54875918928782;7,85063556035543;8,15270763626379;8,45478538165453;
