0.108954880464439;0.108938889678659;0.108942740548321;0.108952548145995;0.108944661428178;0.108946902142212;0.108946396159844;0.108960898065718;0.108958006683203;0.108947492516024;0.108955862475231;0.108962604109603;0.108954578803949;0.108964422176868;0.108958470989733;0.108955530412506;0.108950728927196;0.108939497803777;0.108938804042312;0.10894848895613;0.108965118270912;0.108947882928172;0.10895790361556;0.108963772644429;0.108961033069814;0.108963505911371;0.108950457295421;0.10895882745593;0.10896510239046;0.108943424053813;0.108949886765425;0.108955764493589;0.108956211628219;0.108967095606551;0.108966467108943;0.108971569370116;0.108953002394569;0.108939917577466;0.108947489562293;0.108957004470578;0.108952219859324;0.1089410336889;0.108947465586041;0.10895166169412;0.108945683082392;0.108960753475583;0.108975729185509;0.108955292338545;0.108926457129668;0.108941048683876;
0.166903516836094;0.166902038604201;0.166900897341614;0.166914610362066;0.166905390999268;0.166907707869985;0.166887741785505;0.166883409974787;0.166902073280417;0.16691290704713;0.166913446096501;0.166905379235884;0.166909428508928;0.166916478560184;0.166890243307267;0.166902611359748;0.16689804872093;0.16689130829749;0.166877254241623;0.16688416771325;0.166905923253616;0.166896629710084;0.166911292318194;0.166906361490646;0.166887532419523;0.166909218405238;0.166883781496991;0.166901232933743;0.166902098084507;0.166874649660361;0.166899369325309;0.166903843480011;0.166899713838945;0.16690410776031;0.166890858719433;0.166893108863671;0.166874596509148;0.166873866336044;0.16689177855372;0.166911864454925;0.166905946398436;0.166884721154858;0.166891305333272;0.166899704741807;0.166891184710158;0.166898766633633;0.166917146437424;0.166910373976705;0.166890437135077;0.166899398859554;
0.224883540507264;0.224869675093526;0.224871443370682;0.224852573851287;0.224851302890294;0.224868055733695;0.224844751731286;0.224833703357831;0.224852282457461;0.224854413216918;0.224854292525214;0.224865609476681;0.224856706539593;0.224872261211901;0.224866943778766;0.224865041200314;0.224863779000416;0.224871813563403;0.224847878276896;0.224855533998437;0.224824363209212;0.224849321809949;0.224870228835788;0.224860655908262;0.224846148764545;0.224865467895889;0.224835568102602;0.224855365125614;0.22484501801471;0.224852847102276;0.22486075452834;0.224856845588018;0.22484316926145;0.22486188187307;0.224856133759721;0.224856391276992;0.224853673369956;0.224854422911061;0.224857605456329;0.224900555030991;0.22487645603617;0.224847061262967;0.224874731102351;0.224862213698206;0.224849019478471;0.224864087375065;0.224852112481707;0.224858120011658;0.224859014213902;0.224853882147761;
0.282822944754207;0.2828249791015;0.282806293577018;0.282798445138261;0.282794062109501;0.282801040222374;0.282794912940258;0.282815362227874;0.282805407046887;0.282791661708421;0.282798212655953;0.282822726226138;0.282793332216088;0.282806691723853;0.282818551499588;0.282808309249313;0.282803811317073;0.282816273161003;0.282852440000738;0.282818445234194;0.282787559553083;0.282797471026816;0.282793546207537;0.282798370257623;0.282817361680902;0.282801067844689;0.282806248939694;0.282820185901753;0.282816877114689;0.2828116701462;0.282807774146803;0.282805602160739;0.28282926780703;0.282829708385177;0.282806940720695;0.282838105437236;0.282813159584205;0.282803404012301;0.282829198886558;0.282824189536984;0.282797558382108;0.28281286599839;0.282826346439534;0.282788819474558;0.282778629362335;0.282825308800358;0.282792542234399;0.282754667498723;0.282788744044339;0.282789033101572;
0.340743894341693;0.340769301245638;0.340779216767868;0.340752641010625;0.340761512792733;0.340770307147629;0.340779281796318;0.340785063081483;0.340774161049168;0.340783921936829;0.340783105893169;0.34077026122574;0.340752852799561;0.34076030438204;0.340779553479973;0.340782680282822;0.340774539651333;0.340757506075105;0.340791822105311;0.340784444684329;0.340747640311359;0.340754908300225;0.340805621375309;0.340762729261909;0.340738698611425;0.340763632960277;0.34078534252175;0.340769025932387;0.340748570559007;0.340765015135807;0.340765572597243;0.340788567657723;0.340798258214889;0.340760163001907;0.340755790207263;0.34076593706833;0.340733923082768;0.340744877935677;0.340757482642436;0.340762618115391;0.340768196321464;0.340739310508374;0.340745663575761;0.340750058714716;0.340750129289832;0.340750322027781;0.340770918848903;0.34073906623021;0.340743146673242;0.340740359948112;
0.398741011444122;0.398733399578954;0.398725031019284;0.398698791938299;0.398734788383059;0.398712630643375;0.398729947030165;0.398735249976912;0.3987335112956;0.398727517406651;0.398733272584471;0.398740111458144;0.398724513783533;0.398730271267797;0.398716793086363;0.398702976848133;0.398732021013817;0.398717148142653;0.398716624320354;0.398723036145288;0.398713214202748;0.398744001232446;0.398743067649427;0.398721350560669;0.398725676776462;0.398738301796177;0.39874666633734;0.398695022219096;0.398703643459276;0.398721833488245;0.398714568758454;0.398751608961376;0.398711053910877;0.39868649760691;0.398734310523371;0.398745157117835;0.398712914005245;0.398694028834415;0.398718971406043;0.398700671206691;0.398702777186955;0.398706199291988;0.398721308693484;0.398720190831414;0.39871288102024;0.398707041853104;0.398716009677669;0.398716851371631;0.398702491574116;0.398706004669866;
0.45665651754733;0.456681244788994;0.456680843508482;0.456689886326082;0.456695065858476;0.456674288485726;0.456680366062498;0.456676548913904;0.456683316112703;0.456655543516798;0.456666089828548;0.45668042530925;0.45668511003717;0.456696687793708;0.456682661348603;0.456693299492212;0.456688902897085;0.456685633044586;0.45668829828977;0.45667155257852;0.456678524955953;0.456682185550582;0.456664757964172;0.456672480089955;0.456694697966308;0.456676287867365;0.456683460609049;0.456697777027231;0.456681319267273;0.456655188775047;0.4566832080151;0.456683589384086;0.456641700429426;0.456666452610073;0.456701964607143;0.456659179921529;0.456665531526631;0.456668940534823;0.456659622327817;0.456650933750634;0.456655212004015;0.456677059539025;0.456666275709384;0.456645814868195;0.456638804819058;0.45664133260489;0.456648547726549;0.456665091257979;0.456655378293554;0.456651888711403;
0.514597848053613;0.514632504331632;0.514631518235203;0.514626244208745;0.514644998010411;0.51467188033304;0.514617217313047;0.514629280666307;0.514629992169367;0.514605789784944;0.514652578261093;0.514666328567675;0.514643007134814;0.514629455492818;0.514648859436654;0.514650159102414;0.514637432214918;0.514641821680254;0.514636507450855;0.51462971204844;0.514641157998174;0.514618357603249;0.514626354468616;0.514642080291366;0.51462248614998;0.51460726208396;0.514620911844227;0.514642463867372;0.514658978929621;0.514647645199679;0.514649352191376;0.51463422204633;0.514629634788547;0.514646244772071;0.514636539188825;0.514584731498471;0.514620231558792;0.514635981044146;0.514625421370604;0.514618974834991;0.514633378439244;0.514640203720853;0.514620486322326;0.514605958526963;0.514604821297968;0.514602706187624;0.514604809704132;0.51461951173357;0.514616764874299;0.514600845303907;
0.572589196775067;0.572596207037802;0.572577295037394;0.572582010652246;0.572588324640336;0.572591695111547;0.572556901048126;0.572571078924696;0.572591235541574;0.572587122497647;0.5726146207719;0.572592109730588;0.572578249370816;0.572568810531024;0.572583802011728;0.572581608861138;0.5725642017828;0.572584665869933;0.572597638891147;0.572574825049109;0.572598199026058;0.572580711053449;0.572594294249292;0.572608686079281;0.572586676126772;0.572573314561163;0.572592007280523;0.572564047164344;0.572568744784215;0.572589743531629;0.572601346871167;0.572586826188643;0.57257803323618;0.572582931764766;0.572561175876092;0.572544433511397;0.572613386101282;0.57259771456784;0.57256094783337;0.572561551529977;0.572576975816601;0.572581767281041;0.572581167671741;0.572562612606824;0.572586223523926;0.572574666819072;0.572562465971273;0.572553010465771;0.57255263381857;0.572543824044854;
0.630538467750395;0.630530519225608;0.630542583172965;0.630537080138727;0.630542225186262;0.630548954212728;0.630539540798488;0.63053075237403;0.630538142747522;0.630538662850217;0.630537372514106;0.630532950253166;0.630533178429401;0.63052086114392;0.630534711096854;0.63057469068871;0.630549788134263;0.630553974218976;0.630577502079118;0.630550892787725;0.630563668451871;0.630556882034598;0.630547764658655;0.630546151038125;0.630555844011133;0.630534863991256;0.63055185432392;0.630552108663869;0.630552326670279;0.630583797914793;0.630551695490226;0.630537774508412;0.630539482081003;0.630542375905757;0.630543228714823;0.630510044291413;0.630543962760919;0.630552716680436;0.63054034990497;0.630518972781514;0.63051313972979;0.63051015356794;0.630515091074181;0.63052200596059;0.630544242802081;0.630539566867257;0.630518947223997;0.630498385611408;0.630523768370737;0.630516856943816;
0.688467264514838;0.688488818143205;0.688505250033311;0.688501120251921;0.688490643005474;0.688493572435636;0.688485862171374;0.68848163713317;0.688503365571472;0.688494259254475;0.688476264541958;0.688495747866513;0.688521841342584;0.688502927523559;0.688482880885907;0.68848769267773;0.688526405176981;0.688487783422722;0.688490836215309;0.688513625281666;0.688484524881208;0.68850772774796;0.688499178303157;0.688480049386786;0.688488644940423;0.688489990747674;0.688479393357004;0.688480387205032;0.688545585837848;0.688528466425428;0.688468539570948;0.688496202602845;0.688510210247103;0.688494645368655;0.688478932722345;0.688498356971498;0.688503604808231;0.688486861343476;0.688483624391214;0.688466455781408;0.688469091486529;0.688484729394751;0.688483350948266;0.68848852475837;0.68847658220074;0.688457324187773;0.688488116523507;0.688479339901713;0.688456609082246;0.688443297181341;
0.74642973403224;0.746469417107556;0.746454683540898;0.746478257669372;0.746448499731137;0.746426543969625;0.746452935569553;0.746452020506836;0.746444197728726;0.746460894076799;0.746445655113992;0.746448750531993;0.746475947453442;0.746461991656856;0.746423715891601;0.746430595424656;0.746443204427421;0.746433077148537;0.746430103022393;0.746450345332378;0.74645740419402;0.746455240551379;0.746436413813475;0.746437127420153;0.746447084942131;0.74643980391914;0.746428991193998;0.746425832223231;0.746444139639128;0.746439340833453;0.746457233544917;0.746467679088871;0.746438596948178;0.746440544639041;0.746413678868699;0.746432914752667;0.74643208371005;0.746430118928309;0.746437759503578;0.746438506100442;0.746400542743827;0.746416221714748;0.746438688594597;0.746433884006671;0.746407478592039;0.746450247790302;0.746440433708582;0.746409928550127;0.746387337052014;0.746371027890734;
0.804391071975061;0.804400338633424;0.804406593732536;0.80440540869658;0.804406279314677;0.804420727367388;0.804438396681457;0.804429512807851;0.804396786536961;0.804405287944143;0.804402232273576;0.804415228693809;0.804417554933338;0.804412691493704;0.804411763387439;0.804409931017892;0.804402516553318;0.804394787397031;0.804384686268662;0.804410406581194;0.804417209248658;0.804395372686964;0.804413200556974;0.804400549465877;0.804417491684976;0.804404754903321;0.804398428157926;0.804401195064032;0.804361433724354;0.80441240317095;0.804434780646108;0.804408666483243;0.804412175844708;0.804394979386679;0.804385370716834;0.804392311793562;0.804388191355856;0.80439237816842;0.804391140399966;0.804402920042104;0.804375899293353;0.804390144646899;0.80438491306596;0.804365975611288;0.804371698634803;0.804396546961572;0.804372925842326;0.804335593723962;0.804365965482619;0.804368200219342;
0.862373253816409;0.862362192918597;0.862333592039712;0.86234058059724;0.862354814334617;0.862343451219316;0.862356257209763;0.86237604310046;0.86235105083724;0.862351801678346;0.862346247994594;0.862349251339291;0.862381824023762;0.862361677433718;0.862321580988096;0.862370420288094;0.862354322783303;0.862319310477801;0.86235901596243;0.86236759644301;0.862349756871855;0.862379315284343;0.862365266141354;0.862346896772799;0.862329204767817;0.862357986640279;0.862339607474126;0.862347265646137;0.862340733392656;0.862359105389765;0.862353102898761;0.862328715020658;0.86235703373861;0.862354926574518;0.862330574617245;0.862355729228702;0.862350527165679;0.862336752951955;0.862331619804943;0.862345240670429;0.862324786588922;0.862328942442683;0.862314366024222;0.862312999764328;0.862317142379967;0.862337219251825;0.862331717906622;0.862314066881439;0.862313166426192;0.862313466946592;
0.920330509695035;0.92032775496988;0.920290555525264;0.920291792595475;0.920280623557338;0.920296139585157;0.920314153482957;0.920323515533753;0.920321092417737;0.920325441894831;0.920327347841994;0.920317405615192;0.920320397433835;0.920312721345888;0.92028280151318;0.920331855180505;0.920306432685351;0.920315259342959;0.920320035700849;0.920303289034306;0.92028645482597;0.920325535756994;0.92031633762751;0.920299262079451;0.920300771832203;0.920328903269139;0.920328526442417;0.920307472270818;0.920328171396043;0.920317408507374;0.920283288635706;0.920313053472811;0.920307198775359;0.92032438506619;0.92029563519017;0.920292037912576;0.920298790797553;0.920308801256847;0.920292708605865;0.92027999047277;0.920262158258758;0.920270166248289;0.920295164949984;0.920294977192298;0.920272250500533;0.920298162088216;0.920312602170067;0.920277196902223;0.920257304382482;0.920265897610649;
0.978278767653938;0.97827228381314;0.978286468146529;0.978270092767444;0.978257032453742;0.978248365418261;0.978279674836852;0.978288747671562;0.978290112324768;0.97827301435521;0.9782639806285;0.978274127852617;0.978263750135181;0.978246419573497;0.978264929332623;0.978241472973483;0.978262446975976;0.978308557499373;0.978276488905562;0.978227824172713;0.978272011868991;0.978263142871616;0.978258947690401;0.978255756040585;0.978275323301252;0.978272553663239;0.97825639957781;0.978259722105617;0.978260376867516;0.978256092809135;0.97826760041869;0.97823745732217;0.978250665073922;0.978260403227826;0.978269112866093;0.978259104722242;0.978238778150524;0.97824874075534;0.978242871821045;0.978215148685028;0.978230833406199;0.978253821545188;0.97825428630445;0.978239164885341;0.978224290434672;0.978211750894467;0.978230987681951;0.978225246432662;0.978206439491906;0.978214238853701;
1.03621579622215;1.03620270315174;1.03619836862182;1.03622517399167;1.03621865332013;1.03621714666306;1.03621800870214;1.03623363647191;1.0362504581632;1.03620697607501;1.03620113306526;1.03623149757177;1.03623061801065;1.03621282511762;1.03621423117358;1.03620950376986;1.03620516118224;1.03620713779489;1.03622112706645;1.03621225884545;1.03619754763416;1.03621538061503;1.03622514497155;1.036200239639;1.03620911872639;1.03622485017557;1.03620527418307;1.03620368286019;1.03619050511921;1.03619427581513;1.03622315279791;1.03617129382362;1.03617513809957;1.03620747884939;1.03621935305521;1.03622043170684;1.03618898744148;1.0361952439899;1.03620873269993;1.03618537364951;1.03622137131136;1.03620596459412;1.03618294284309;1.03618128412166;1.03617266471424;1.03616802515013;1.03616558239528;1.03616950197931;1.03616925594487;1.0361585797756;
1.0941774526323;1.09416054855947;1.09416966110614;1.0941828562846;1.09419142611192;1.09418892354189;1.09414793634527;1.09413519503287;1.09418485703138;1.0941799760193;1.09417998670885;1.09417448290529;1.09416015591458;1.09416465253803;1.09415512602838;1.0941821941166;1.09419348348172;1.09416723491804;1.09416616967791;1.09418065285174;1.09419040582578;1.09417532856971;1.09417230353673;1.09415870924986;1.09416699754843;1.09416117584444;1.09415741019268;1.09415624173474;1.09418788315877;1.09414850836959;1.09415061669935;1.09417298742071;1.0941613531429;1.09418961830538;1.09413862209977;1.09414806757305;1.09416910115441;1.0941617173164;1.0941864053956;1.09412915768297;1.0941669875523;1.09418408687523;1.09414982866509;1.09412517213152;1.09412495625863;1.09416573218104;1.09415227204869;1.09413836780805;1.09414891992079;1.09412359191402;
1.15211364505099;1.15212017284582;1.15212243939682;1.15211446979115;1.15214009093932;1.15212712480515;1.15209743936086;1.15208868929372;1.15211208079202;1.15213600680099;1.15214221153943;1.15211913380551;1.15214013667719;1.15211094289802;1.15207630733297;1.15211070160431;1.15215266470572;1.15213084162017;1.15210544183438;1.15211010268426;1.15212922427308;1.15213079387422;1.15210410608054;1.15212096817678;1.15214004961096;1.15211865464774;1.15213336735429;1.15211959835726;1.15214542198714;1.15209940411542;1.15210379568839;1.15212348318833;1.15210744783854;1.15211979216743;1.15210771809131;1.15209488690643;1.15214283506902;1.15211373247402;1.15210929059275;1.15209165748366;1.15209804981079;1.15210376585708;1.1520982584544;1.15208604727513;1.15209756624326;1.15210458350812;1.15207975165123;1.15207224729255;1.15208352007647;1.15205689826499;
1.21006212786664;1.21008888949735;1.21006234427342;1.21007515401075;1.21007808211103;1.21007234660932;1.21008856789141;1.21011962601914;1.2100906743204;1.21006580989609;1.21009045933506;1.21009383519114;1.21009315706614;1.21011358731693;1.21008023607904;1.21007776836846;1.21009741554453;1.21010844484682;1.21009041666812;1.21008183018708;1.21006952535271;1.2100682579608;1.21008508671296;1.21011184803785;1.21008015879402;1.21006681961386;1.21010794915468;1.21009141817645;1.21009253525292;1.21006077003692;1.21006662490501;1.2100978393736;1.21009297712105;1.21008502388223;1.21007707283208;1.21006913016047;1.21006797713009;1.21004192877014;1.21005193696913;1.21007796622441;1.21004169416668;1.21002935283228;1.21006145770442;1.21006158384568;1.21004980413317;1.21003842845437;1.21005171447709;1.21003320493133;1.21001589983791;1.21001788216488;
1.26802046096076;1.26805966290113;1.26802928843024;1.26803269022017;1.2680404682327;1.26802042650099;1.26804561609971;1.2680669797929;1.26803375544378;1.26803670959795;1.26804194585499;1.26802078065993;1.2680253227335;1.26805365138684;1.26804178634552;1.26803297650931;1.2680186568134;1.26802688029089;1.26803077398362;1.26802462370602;1.26802938889923;1.26805735440404;1.26805698297214;1.26801155543636;1.26801004178695;1.26802406285988;1.2680567528627;1.26802502699384;1.26801391838768;1.26800811855586;1.268019883369;1.26801621938845;1.26801222929477;1.26803679912035;1.26800739738826;1.26801723161301;1.26802481350284;1.2679859953272;1.26799314775674;1.26799863496595;1.26799566410925;1.26800749039657;1.26802424018268;1.2679889994685;1.2679794277316;1.26799045188362;1.26799015530773;1.26797386098701;1.26796723825517;1.26796721050598;
1.32597728382145;1.32599012179007;1.3259715438953;1.3260119573093;1.3259994750593;1.32595507572505;1.32597847109763;1.32598995780279;1.32597904316298;1.32597642703349;1.32600051729016;1.32598786693488;1.32596524088977;1.32598558760308;1.32598272525486;1.32597527590601;1.32598296141428;1.32598955566879;1.32597670197325;1.32596392495175;1.32599256694327;1.32600232930835;1.3259922059564;1.3259890088697;1.32598841183498;1.32600114126521;1.32599707229041;1.32598501179353;1.32596283377823;1.32597375213211;1.32597882232577;1.32595635526844;1.32596893289902;1.32595598148886;1.32596572424845;1.3259869658772;1.32594163264909;1.32594476288228;1.32597921022502;1.32596849357564;1.32596793308654;1.32594658345913;1.32595597331628;1.32594350376856;1.32595107866603;1.32596557356911;1.32591956710835;1.32591364923853;1.32591663321088;1.32591623433616;
1.38395493437693;1.38396579179929;1.38394108530429;1.38395307951027;1.38394607568012;1.38395320975262;1.3839735592944;1.3839447193021;1.38393508783355;1.38393823991329;1.38395951860278;1.38396429725955;1.38396724220448;1.38396465349401;1.38391643870412;1.38394842274696;1.38396895700894;1.38395033198588;1.38392762289577;1.38393811245645;1.38394652641583;1.38392969475214;1.38396210574606;1.38395293699093;1.38393026344833;1.38395154291374;1.38391850405744;1.38393417749205;1.38394185133121;1.38395168684008;1.38393130739279;1.38392692212648;1.38395192436227;1.38391640611458;1.38392425850305;1.38392565390998;1.38392431253814;1.38394971515112;1.38392250135753;1.38393985299122;1.38388492095992;1.38390134450247;1.38392809527129;1.38390191538854;1.38389386242017;1.38390996580794;1.38387917401375;1.3838766562213;1.38387689651822;1.38388136205327;
1.44189619900169;1.44189470414558;1.44187809133677;1.44188695794469;1.44187988062838;1.44191171250795;1.44188643431205;1.44186407121807;1.44187756370585;1.44190176663686;1.44190758011128;1.44188251761866;1.44187429721349;1.44190231187149;1.44187604723607;1.44189421775947;1.44190201775259;1.44187172357105;1.44188173761621;1.44189695541626;1.4418727022184;1.44188828824192;1.44187826285205;1.44188932180844;1.4418964678941;1.44190306319081;1.44187822851366;1.44187529556476;1.44189240247462;1.44189156953131;1.44186982122991;1.44186655292185;1.44188253704077;1.44190994262577;1.44187650343831;1.44187065094296;1.44189760020647;1.44188562959646;1.44184223368302;1.44187302794789;1.44186497775679;1.44188985489661;1.44185059204203;1.44182170922351;1.44181907349609;1.44185122905916;1.44181805309377;1.44181782038742;1.44183244336777;1.44181570280365;
1.49986544922312;1.49985048411888;1.4998466719247;1.49987028374636;1.49985124050111;1.49984784640294;1.4998162876483;1.49983651145757;1.49984503805563;1.49985466888467;1.49984858133627;1.49985946103506;1.49983901342054;1.4998576822351;1.4998540048891;1.49983430028889;1.49984744476816;1.49986866544628;1.49985786540559;1.49984209406561;1.49984235366115;1.49985509382066;1.49983480049078;1.49984286161308;1.49986489624576;1.49986242601851;1.49986137418241;1.49985171205659;1.49985032630111;1.49985810366434;1.49985906772078;1.49983614898873;1.4998369757747;1.49983762191645;1.49981674095018;1.49984241226114;1.49984925777504;1.49983160800967;1.49981493182667;1.49980726181843;1.4998254102882;1.49981566071499;1.49980795049511;1.49978984349176;1.4998067699102;1.49981481361433;1.49976407551871;1.49979437679721;1.49980924375677;1.49979441507269;
1.55779245768517;1.55780407349316;1.55784583943808;1.55781594769162;1.55781625763555;1.55782111538759;1.55781271456803;1.55782522960838;1.55779610348591;1.55775401263286;1.55780509175579;1.55779862442921;1.55780539692985;1.5578211792102;1.55779418371558;1.55782068760507;1.55779677609779;1.55778994212504;1.55781836186075;1.55779756861995;1.5577762822543;1.55780880209009;1.55782736205812;1.55780627154846;1.55778441836414;1.55779592639304;1.55778471106816;1.55779216647344;1.55779304205141;1.55778298079439;1.5578003198097;1.55783696840584;1.55780518820662;1.55773253861664;1.55776461949273;1.55778267780948;1.55778963528497;1.55778201315024;1.5577683573959;1.55777211772118;1.55778140242328;1.5577564435973;1.55776406316635;1.55776557713073;1.55776290417231;1.55776732173879;1.55777165377946;1.55775014099422;1.55774944817301;1.55775352375863;
1.61574770463998;1.6157489351612;1.61577006474462;1.61576336618259;1.61578825196081;1.61578427557475;1.61574472003933;1.61576848120862;1.61576549592407;1.61572481416777;1.61576213113725;1.61577144948781;1.61577496258261;1.61574304624831;1.61576117709169;1.61578955375866;1.61579379062637;1.61573879955568;1.61574451403944;1.61576086117686;1.61577349193047;1.61574723352536;1.61575866122736;1.61576639728203;1.61573966891857;1.61572998889317;1.61572654586639;1.61573655699429;1.61572920941523;1.61572694875203;1.61573383499157;1.61576709712537;1.61573126365199;1.61574328050975;1.61574472371334;1.61572722672703;1.61572730272162;1.61574176915327;1.61572740523294;1.61572303384494;1.61574467084372;1.6157303591389;1.61572176614645;1.61572857443306;1.61569840354132;1.61569256214751;1.61570877199119;1.61568583456762;1.61567446525815;1.61568370941814;
1.67373478276816;1.67371403819451;1.67368302097928;1.67370051371701;1.67374145392487;1.67372918191118;1.67369989569097;1.67371081342382;1.67375069235654;1.67372633914873;1.6737123204965;1.67375476438768;1.67374189155049;1.67369593409272;1.67369894306309;1.6737073701816;1.6737469245628;1.6737166300404;1.67370804780411;1.67372105000136;1.67373522931783;1.6737035753279;1.67370411245387;1.67370888363104;1.6736941989986;1.67369293271191;1.67369564748094;1.67369668122775;1.67370213307451;1.67370672958416;1.67369429159037;1.67368547133543;1.67370267279296;1.67368821659995;1.67368287504577;1.67367866953111;1.67370076958592;1.67371569112643;1.67370077305013;1.67366005321614;1.67368438371876;1.67366939033557;1.67366641785027;1.67367715847661;1.67367326404652;1.67365730718583;1.67365620063166;1.67364752312258;1.67364762500136;1.67363936978706;
1.7316638004878;1.73164087751086;1.73166365896958;1.73166524443631;1.73167446323668;1.73166061973998;1.73165801548275;1.73166611105626;1.73169384473684;1.73164003336611;1.73163056357677;1.73168377254979;1.73166276211838;1.73164989482977;1.73164576939925;1.73164514358702;1.73165130306511;1.73163717067686;1.73163927788287;1.73166005726164;1.73164902315705;1.731671908671;1.73165264709301;1.73164453138472;1.73166420140788;1.73165098200088;1.73166655208062;1.73165968268354;1.73165001011495;1.73164411415772;1.73164076025675;1.73164774852146;1.73166136855742;1.73163281826277;1.73163285983704;1.73163780654534;1.73163796962544;1.73161718476155;1.73163417873901;1.73161002399916;1.73159649277686;1.73162055102228;1.73162177901739;1.73157773066408;1.73158543268069;1.73160479230187;1.73159861311915;1.73158165212168;1.73160064526904;1.73157353840311;
1.78961795060694;1.7896081044109;1.78963145722429;1.78960865964423;1.789625918219;1.78964644195908;1.78962589887901;1.78963004051622;1.78960628397486;1.78959991025985;1.7896109466533;1.7896381830818;1.78963166840662;1.7895991377305;1.7896233167512;1.7896217868651;1.78959735496982;1.78957974142115;1.78961210092256;1.78963356555018;1.78960012809979;1.78963390496097;1.7896307002292;1.78960679731355;1.7896069411595;1.78959962954542;1.78961329467579;1.78960999185591;1.78959770960513;1.78961447772625;1.78960709769414;1.7895957005062;1.78958290232238;1.78959418505346;1.78960692805791;1.78961896024571;1.78960675178658;1.7895817412327;1.78958281341025;1.7895713737178;1.78957439078442;1.78960572526851;1.78957471735112;1.78954520546519;1.78953907101772;1.78955083181558;1.78956148173862;1.78954467269645;1.78955003193512;1.78953298809002;
1.84757640842751;1.84758285592752;1.84759075107454;1.84757595489681;1.84757884578383;1.84757155772758;1.84758172631129;1.84755000279684;1.84755688287042;1.84758387808526;1.84757826900411;1.84755977878425;1.84759605280819;1.84757082959151;1.84758209753014;1.8475809997189;1.84755369592746;1.84757141214043;1.84759111860981;1.8475881748243;1.84754984761422;1.84756677801699;1.84758931416167;1.84755747539166;1.84754347446855;1.84756710278084;1.84754732014791;1.84756858082567;1.84756361308221;1.84757429265949;1.84757587185182;1.84755048364863;1.84754633362787;1.84753030310141;1.84753277216457;1.84754922688371;1.84756565835675;1.84753787163272;1.84754652233066;1.84753304286647;1.84753281710125;1.84753105292262;1.84751252433906;1.84752853520431;1.8475104550178;1.84750135814132;1.84754564848206;1.84751246045181;1.84748152786978;1.84749604211873;
1.90551209500371;1.90554053636911;1.90554512110877;1.90551026985213;1.90550698638523;1.90552927262698;1.90551299344611;1.90551800177079;1.9055293913466;1.90555506354597;1.90553104589234;1.90551258035374;1.90553593933886;1.90551919311953;1.90553389095628;1.9055188348957;1.90550142861265;1.90553017674674;1.90551042489819;1.90551006010975;1.90552870122372;1.90551670046379;1.90552065895449;1.90551308823;1.90550545157873;1.90552883139304;1.90551719088843;1.90549442569426;1.90550602332272;1.90551898208437;1.90550291146635;1.90551770035823;1.90550751786819;1.90549381008721;1.90549752400446;1.90547535712754;1.90550686903415;1.90552183738864;1.90549518363094;1.90547121689791;1.90546830890403;1.90546882748974;1.90547836778913;1.90549621374569;1.90546235479331;1.90541855026062;1.90545538847444;1.90547247687481;1.90545473943194;1.9054429239382;
1.96346687479709;1.96348203605902;1.96348443725726;1.96347155922711;1.96345028884444;1.9634659346044;1.96347851533349;1.96349210661931;1.96348516439847;1.96349084655055;1.96347233663183;1.96345481306379;1.96345606318655;1.96348285413207;1.96348274764697;1.96347904632483;1.96345507754381;1.9634767289999;1.96344642691392;1.96349263779347;1.96350519760289;1.9634783074689;1.96347949441319;1.96349313790989;1.96348320466801;1.96347325577728;1.96349475211383;1.96345153880075;1.96346173400682;1.96345425000605;1.96343810616195;1.96347088296951;1.96344627781368;1.9634662728964;1.96346377647533;1.96345233236595;1.96345446501971;1.96346514552864;1.96345809954843;1.96343538761027;1.96343119885042;1.9634347161085;1.96343308837426;1.96344324290823;1.96343170582102;1.96339534810322;1.96340386092026;1.96345606940103;1.9634157051244;1.96339194675974;
2.02142400786905;2.02142150344752;2.02142234012519;2.02141959422306;2.02141848859195;2.02143619792549;2.02141650798303;2.02141489834903;2.02143795551273;2.02142057625779;2.02143713991622;2.02143347030677;2.02141811527338;2.02146287601016;2.02143889086972;2.02143064558397;2.02143401277631;2.02143689209945;2.02141780369351;2.02139873711314;2.02141242952184;2.02143901719692;2.02143830287613;2.02142120076683;2.02140669313353;2.02143289933864;2.02141962008485;2.02142005341604;2.02139513602652;2.02138005246362;2.02139069185222;2.0214109635409;2.02140774825689;2.0213852192393;2.02139428974453;2.02138615408427;2.02136305298143;2.02140328180772;2.02137676450054;2.02136048706664;2.02137794618031;2.02138457584499;2.0213465958973;2.02135963355083;2.02136510998564;2.02137808235424;2.02137351628228;2.02138276364909;2.021340905238;2.02133458217198;
2.0793942761395;2.07938783152353;2.07940123325829;2.07938468637077;2.07939059250932;2.07939911571767;2.07937955058654;2.07940714759882;2.07939813029556;2.07937416951454;2.07939982695441;2.07939737911191;2.07938689357208;2.07940257626391;2.07938140596574;2.07938120597524;2.07939994529194;2.0793783960898;2.07938735890605;2.07936250238909;2.07934668181822;2.0793904385056;2.07939123575449;2.07937050734115;2.07937774877631;2.07937988119074;2.07934097970162;2.07936949766542;2.07935060045627;2.07936586486331;2.07936706136062;2.07936652974841;2.07939051213881;2.07934202013787;2.07934719282256;2.07937231094779;2.07936756673523;2.07934720362616;2.07932950834152;2.07936211158253;2.07934076982648;2.07932313373599;2.07931730871779;2.07933098614038;2.07931585458644;2.07932771795299;2.07932496269938;2.07931949660715;2.07930661969912;2.07928214906182;
2.13731034820125;2.13734035488424;2.13733376483292;2.13734164058823;2.13733574825209;2.1373073466051;2.1373348446605;2.13735943478499;2.13734050192625;2.13734425481009;2.13733934222251;2.13733480117746;2.13731154435965;2.13731257553051;2.13730564763356;2.137341384578;2.13733327358928;2.13730472875533;2.13731722498205;2.13734258391254;2.13731929305637;2.13732576883983;2.13733910687263;2.13733130563396;2.13732603284492;2.13733245567802;2.1373126951098;2.13729425700545;2.13732633498446;2.13734806339458;2.13733622056158;2.13732632207688;2.13729381997347;2.13730231383138;2.13731965945557;2.13732574942795;2.1373276778679;2.13731177814116;2.13732054775319;2.13732534886909;2.13729878340593;2.13727413399033;2.13728164610301;2.13730401909426;2.13728447389403;2.13727423142088;2.13726193636751;2.13725663247676;2.1372408445464;2.13723212941396;
2.19526214601718;2.19527452504948;2.19527354197606;2.19528487377486;2.19529369251538;2.19528942263826;2.19530519637327;2.1952771057348;2.19525167486806;2.1952858121365;2.19528717517601;2.19527248643373;2.19528297030833;2.19527967685321;2.195291221629;2.19528434780848;2.19528841119324;2.19527133477019;2.19530236069152;2.19532110726929;2.19530253309942;2.19528281726669;2.1952816277973;2.19527791566203;2.19528256858115;2.19528081764416;2.19527877461671;2.19527217324552;2.19527502452834;2.19527541695882;2.19526799472935;2.19527540468196;2.19525812604741;2.19525097450336;2.19527220361005;2.19524865679339;2.19523394264341;2.19525288810061;2.19524238839291;2.19524383610955;2.19524622467876;2.19524518518884;2.19523807180521;2.19522425111217;2.19524108174883;2.19521811569121;2.19520874584518;2.19521003432485;2.19519421190502;2.19520098994437;
2.25327726784528;2.25326626273028;2.25324905198764;2.25325989211419;2.25324533922885;2.25325901732878;2.25325593109461;2.2532361115034;2.25322869996185;2.25323724957703;2.25325771965471;2.25323907796572;2.2532660657018;2.25326190766632;2.25323490209821;2.25324454619667;2.25325010531043;2.25321910151348;2.25325706651328;2.25322704815362;2.25322964485387;2.25324880630044;2.25324363020473;2.25322713326336;2.25322089184919;2.25325555843138;2.25324314793068;2.25323129234848;2.25322806434644;2.25322728756815;2.2532210695118;2.253232778988;2.25323625538103;2.25321298365836;2.25321935419954;2.25319943010176;2.25320320100424;2.25320096752867;2.25320899122956;2.25318776015636;2.25319939625446;2.25319239135424;2.25319711185901;2.25318790156919;2.25318878635901;2.25316206072853;2.25318268224947;2.25318387826956;2.25316191110524;2.25315620264289;
2.31119479505198;2.31121624670741;2.31121645946658;2.31120087686809;2.3112085632914;2.31118647309584;2.31119664266889;2.31117262373305;2.31117422018725;2.31119730045232;2.31119325871343;2.31119218884918;2.31121100673865;2.31119263523836;2.31120194652666;2.3111940617109;2.31120001735461;2.31118857310522;2.31118215180594;2.3111819793133;2.31115157619939;2.31116378408574;2.31118536659939;2.31115699407956;2.31113130126341;2.31119047555656;2.31119827560093;2.31117332491152;2.31116377895543;2.31116347877441;2.31118773923186;2.31119186081141;2.31118904308848;2.3111757244979;2.31116094174923;2.3111518430811;2.31114611158039;2.31113024038461;2.31115544117092;2.3111585389877;2.31117111757214;2.31112991125198;2.31112005640713;2.31112532176243;2.31113377994522;2.31112766028305;2.31111349376046;2.31111554112498;2.31110107841248;2.31109909492344;
2.36914494050276;2.36914751467123;2.36913993984546;2.36916753769527;2.3692017795189;2.3691464036812;2.36913247304931;2.36913538990605;2.36915106455831;2.36914783716072;2.36914549546583;2.36917157323509;2.36916284984669;2.36911440766375;2.36915862493966;2.36914273086863;2.36913193950513;2.36916253102349;2.36914386038524;2.36915582845231;2.36914608188193;2.36911847096189;2.36914560252747;2.36913675965623;2.36913000570542;2.36915425996501;2.36912215204766;2.36910979829022;2.36911241012207;2.36911629366673;2.36911370959009;2.36911945255587;2.36913741164069;2.36911115024559;2.36912209134786;2.36912825997088;2.36912366939622;2.36910937874789;2.36910603903072;2.36910020063949;2.36910158102109;2.36909901352452;2.36910634560388;2.36909751007889;2.36907492085029;2.36908708539715;2.3690774373477;2.36908359881207;2.36907429296078;2.36908579868045;
2.42708440500046;2.42709851261203;2.42707184672991;2.42706939900615;2.42713081182634;2.42710320247601;2.42707535107307;2.42709019934765;2.42712779915;2.42712657078929;2.42708534267846;2.42710263715905;2.42712527675649;2.4270811470061;2.42708054091349;2.4271047998675;2.42706629182373;2.4270743451342;2.42711143164273;2.42709452002123;2.42710233987339;2.4270738040852;2.42706707923265;2.42708488097747;2.42713053876244;2.42711051203819;2.42708563628221;2.42707422686065;2.42708138124689;2.42708386413042;2.42705599533578;2.4270738659451;2.42709949375023;2.4270666671766;2.42707720315083;2.42707960714614;2.42706957546471;2.42706646121183;2.42706093965131;2.42705274419081;2.42702759159563;2.42702629396884;2.42703596716515;2.42704811328671;2.42701350281213;2.42702337004532;2.42705490150996;2.42703472180094;2.4270252169319;2.4270150679601;
2.48503437271861;2.4850727415134;2.48507348505226;2.48502752044359;2.48504692376793;2.48504464855763;2.48504436693818;2.48504442030655;2.48506270050921;2.48507140067783;2.4850578123728;2.48505069789052;2.48505115065828;2.48504123364127;2.48506156606946;2.48507144883362;2.48504281754446;2.48504817465219;2.48505230777921;2.48502757153976;2.48504791267346;2.48507027329592;2.4850418643411;2.48503134016497;2.48506889726142;2.48507951229936;2.48502677522732;2.48501138666856;2.48502238804056;2.48503437174056;2.48503240859256;2.48505055524774;2.4850229507772;2.48500661959092;2.48502749467595;2.48501736321071;2.48501459593821;2.48504907580444;2.4850166484048;2.4850059789002;2.48501019131979;2.4849842015009;2.48498370884966;2.48500423086973;2.48497950139712;2.48497857087445;2.48499214054465;2.48497862460396;2.48496138896782;2.48495696228091;
2.54300824109256;2.5430224497794;2.54304105396263;2.54300753229578;2.54300431091205;2.5430024221793;2.54300473899176;2.54300686683667;2.54298962781611;2.54301655671013;2.54303604817609;2.54298688311799;2.54298014880727;2.54300477714074;2.54298977075769;2.54300128044584;2.54299008369385;2.54299539964873;2.54300302918368;2.54302101013939;2.54299934544502;2.54301566624587;2.54302383858149;2.54300558596454;2.54297539242221;2.54301790255643;2.54299624351836;2.54298331393211;2.54299334850321;2.5429881427543;2.54297196063592;2.54299119369381;2.54298382036325;2.54294836324012;2.54300618701514;2.54300208435883;2.54296257931713;2.54299655233099;2.54294775378795;2.54296839754535;2.54298195712131;2.54296827101459;2.54295147466365;2.54295391847935;2.54295627678902;2.54294133427333;2.54292756901614;2.54292772596464;2.54293772795896;2.54292714611497;
2.600955782351;2.60095287760849;2.60096463546955;2.60096256753493;2.60096030811208;2.60096978286316;2.60095635169117;2.60096609211906;2.60096000098263;2.60094349826746;2.60094249587741;2.60095434611389;2.60095502915746;2.60095122041058;2.60094373293802;2.60096244788564;2.60094751534618;2.60096329908409;2.60095260812607;2.60093287864707;2.60094418314047;2.60095861982663;2.60094720811787;2.60093264544726;2.60093297517677;2.6009426845347;2.60095150078821;2.60094396614356;2.60093049260399;2.60091879753574;2.60093229419004;2.60092894880739;2.60093051978304;2.60093612323711;2.60092384201162;2.60092453029702;2.60091183985924;2.60091667047383;2.60089235536904;2.60091671046423;2.6009157750737;2.60088861855161;2.60087746053395;2.60088872462606;2.60087558786032;2.60088272189577;2.6009043301295;2.60087737393518;2.60088071947855;2.60088836016519;
2.65891688449534;2.65892597012611;2.65890466721948;2.6589148329653;2.6589182968843;2.65891140675964;2.65890566920009;2.65891859752897;2.6589126760715;2.65889566413662;2.65886489427164;2.65893453557174;2.65894994019563;2.65890234238163;2.65892107679573;2.65892693317743;2.6589185336731;2.65890216761721;2.65889603740807;2.65889561371635;2.65890016192656;2.65891358302418;2.65888796117609;2.65889578486269;2.65890767117196;2.65890463814005;2.65888574819161;2.65888396498458;2.65891271577988;2.65886647291038;2.65887195058449;2.65889690193126;2.65889864349784;2.65891224801713;2.65886918301778;2.65886697370989;2.65888972212812;2.65887245075048;2.65885015432239;2.65886679280953;2.65888646316613;2.65886594676931;2.65884554322358;2.65886581253657;2.65883849302094;2.65884203619182;2.65884509332807;2.65883073446509;2.65881617686722;2.65884333201367;
2.71686553175044;2.71686078694455;2.71682573145499;2.71684281469703;2.71686242888951;2.71684745196953;2.71687409306073;2.71689450904421;2.7168609074395;2.7168681541141;2.71686627083817;2.71685919184551;2.71686465898922;2.71684594145521;2.71685262026394;2.71685978644023;2.71685665774767;2.71684883204887;2.716858114125;2.71685739750429;2.71686096877446;2.71686452609816;2.7168499277602;2.71685130478155;2.71685057000259;2.71685525063333;2.71686131697359;2.71686008145151;2.71685457613079;2.71683056245347;2.71683737262818;2.71684855779804;2.7168396155938;2.7168398347084;2.71682988496762;2.71682191311389;2.71682829781358;2.71686636919495;2.71681516799029;2.71679628574356;2.71679291308841;2.71681278567954;2.71678849981228;2.71680422020497;2.7168015391939;2.71680087680707;2.71676868131886;2.71675438864829;2.71676432388977;2.71675214394933;
2.77482140769783;2.77482248090893;2.77480683425368;2.77481877571169;2.77482461223648;2.77481284470582;2.77481426709624;2.77482469346544;2.77483191391756;2.77479967422386;2.77481333685807;2.77481080333844;2.77481900035788;2.77480060175042;2.77482693745323;2.77482592431582;2.77479875971957;2.77482353272166;2.77480146750483;2.7747955734348;2.77481487709413;2.77483288810664;2.77481620184067;2.77478533551766;2.77478209673491;2.77480553668559;2.77481774401509;2.77480302038233;2.77478658416454;2.77479281333641;2.77479744260334;2.77480038443409;2.77478809971483;2.77478388928565;2.77478462020826;2.77478486735682;2.77479490942217;2.77478542136263;2.77476285937264;2.77476501813611;2.77474328983978;2.77474820259767;2.77474226578636;2.77474233695265;2.77474012870139;2.77475277968353;2.77474722176468;2.77472333226116;2.77471961593475;2.77472784117934;
2.83278682399753;2.83278601684267;2.83278834431972;2.83276705598151;2.83277205709846;2.83275669805257;2.83276478391622;2.83274296428915;2.83276250292746;2.8327667173579;2.83273811164565;2.83275160084952;2.83275125100585;2.83274855656911;2.83278632694526;2.83276542363186;2.83277707198575;2.83277775908761;2.83275235297344;2.83274727787787;2.83276101865829;2.83277888253308;2.83276836192227;2.83274109371799;2.83275107585282;2.83279444605178;2.83275182121779;2.83275821794748;2.83274650256935;2.83274773837372;2.83273638370088;2.83273793691595;2.83274979059328;2.8327338721563;2.83272849275716;2.83272058537147;2.83272510364221;2.83271176390342;2.83272056225945;2.83272091295934;2.83269882368867;2.83271274508717;2.83271818526094;2.83269221421671;2.83270554151067;2.83271326945703;2.83270894477266;2.83267062082059;2.83267529380063;2.83268915500079;
2.89072927755276;2.89072583372102;2.89072419334092;2.89070429408927;2.89071519819041;2.89070402916091;2.89071778314759;2.89071567082213;2.89074159398864;2.89074957525991;2.89071114480629;2.89072659352319;2.89069321754214;2.89070896014995;2.89072708737782;2.8907021418361;2.89070817810733;2.89071010291867;2.89071479270032;2.89072412852133;2.89068134355823;2.89071149141196;2.89070881296108;2.89069289241161;2.8907161278226;2.89070716138958;2.89069334786659;2.89070503723142;2.89069462069614;2.89070004654847;2.89068237125759;2.89067678862332;2.89070325122304;2.89068646352858;2.8906775395022;2.89064596990008;2.89065189924916;2.89067655453415;2.89067585871053;2.89066655612114;2.89064393358828;2.89065178103026;2.89065470773944;2.89061398616171;2.89063155775162;2.89066072600786;2.89063772935952;2.89062621092497;2.89061510055727;2.89061636009924;
